"rank","SPECIES","PHASE_OF_FLIGHT","TIME_OF_DAY","reported_strikes","damaging_strikes","damage_rate"
1,"White-tailed deer","Landing Roll","Day",127,119,0.937007874015748
2,"White-tailed deer","Landing Roll","Dusk",81,72,0.888888888888889
3,"Turkey vulture","En Route","Day",129,113,0.875968992248062
4,"White-tailed deer","Landing Roll","Night",490,423,0.863265306122449
5,"Red-tailed hawk","En Route","Day",48,40,0.833333333333333
6,"White-tailed deer","Approach","Night",53,44,0.830188679245283
7,"Black vulture","En Route","Day",43,35,0.813953488372093
8,"White-tailed deer","Take-off Run","Day",75,61,0.813333333333333
9,"Canada goose","En Route","Day",36,29,0.805555555555556
10,"White-tailed deer","Take-off Run","Night",161,129,0.801242236024845
11,"Bald eagle","En Route","Day",30,24,0.8
12,"New World vultures","En Route","Day",61,47,0.770491803278688
13,"Hawks","En Route","Day",48,35,0.729166666666667
14,"Snow goose","Approach","Night",80,58,0.725
15,"Greater white-fronted goose","Approach","Night",54,39,0.722222222222222
16,"Black vulture","Approach","Day",208,150,0.721153846153846
17,"Double-crested cormorant","Climb","Day",39,28,0.717948717948718
18,"Black vulture","Climb","Day",80,55,0.6875
19,"Ducks","En Route","Night",57,37,0.649122807017544
20,"Turkey vulture","Climb","Day",268,173,0.645522388059702
21,"Canada goose","Climb","Day",234,151,0.645299145299145
22,"White-tailed deer","Take-off Run","Dusk",31,20,0.645161290322581
23,"Canada goose","Approach","Night",335,212,0.632835820895522
24,"Canada goose","Climb","Night",65,41,0.630769230769231
25,"Bald eagle","Climb","Day",62,39,0.629032258064516
26,"New World vultures","Approach","Day",185,112,0.605405405405405
27,"Canada goose","Approach","Dusk",91,55,0.604395604395604
28,"Gulls","En Route","Day",121,73,0.603305785123967
29,"New World vultures","Climb","Day",102,60,0.588235294117647
30,"Blue-winged teal","Approach","Night",32,18,0.5625
31,"White-headed gull complex","Climb","Day",47,25,0.531914893617021
32,"Mallard","Climb","Night",32,17,0.53125
33,"Geese","Approach","Night",145,76,0.524137931034483
34,"Ducks","Climb","Night",44,23,0.522727272727273
35,"Geese","Climb","Night",48,25,0.520833333333333
36,"Geese","Climb","Day",50,26,0.52
37,"Geese","Approach","Day",97,50,0.515463917525773
38,"Lesser scaup","Approach","Night",37,19,0.513513513513513
39,"Ruddy duck","Approach","Night",37,19,0.513513513513513
40,"White-tailed deer","Approach","Day",39,20,0.512820512820513
41,"Turkey vulture","Approach","Day",442,226,0.51131221719457
42,"Gadwall","Approach","Night",45,23,0.511111111111111
43,"Canada goose","Take-off Run","Dawn",30,15,0.5
44,"Bald eagle","Approach","Day",126,61,0.484126984126984
45,"Canada goose","Take-off Run","Night",37,17,0.459459459459459
46,"Canada goose","Approach","Day",406,185,0.455665024630542
47,"Osprey","Climb","Day",53,24,0.452830188679245
48,"Sandhill crane","Take-off Run","Day",31,14,0.451612903225806
49,"Ducks, geese, swans","Approach","Night",51,23,0.450980392156863
50,"Osprey","Approach","Day",171,77,0.450292397660819
51,"Canada goose","Landing Roll","Night",69,31,0.449275362318841
52,"Wild turkey","Landing Roll","Day",47,21,0.446808510638298
53,"Mallard","Approach","Night",209,91,0.435406698564593
54,"Northern pintail","Approach","Night",136,59,0.433823529411765
55,"Red-tailed hawk","Climb","Day",247,105,0.425101214574899
56,"American wigeon","Approach","Night",46,19,0.41304347826087
57,"Great blue heron","Approach","Night",46,19,0.41304347826087
58,"Great blue heron","Climb","Day",39,16,0.41025641025641
59,"Double-crested cormorant","Approach","Day",64,26,0.40625
60,"Sandhill crane","Landing Roll","Day",32,13,0.40625
61,"Mallard","Approach","Dusk",37,15,0.405405405405405
62,"Northern shoveler","Approach","Night",65,26,0.4
63,"Canada goose","Landing Roll","Dusk",43,17,0.395348837209302
64,"Canada goose","Take-off Run","Day",193,76,0.393782383419689
65,"Ducks","Climb","Day",77,30,0.38961038961039
66,"Mallard","Climb","Day",71,26,0.366197183098592
67,"Canada goose","Landing Roll","Day",178,65,0.365168539325843
68,"Bald eagle","Take-off Run","Day",88,32,0.363636363636364
69,"Gulls","Climb","Dusk",35,12,0.342857142857143
70,"Ducks","Approach","Night",229,76,0.331877729257642
71,"Red-tailed hawk","Approach","Day",522,168,0.32183908045977
72,"American coot","Approach","Night",103,33,0.320388349514563
73,"Mallard","Approach","Day",105,33,0.314285714285714
74,"Northern pintail","Approach","Day",35,11,0.314285714285714
75,"American robin","Descent","Night",32,10,0.3125
76,"Ducks","Approach","Day",178,54,0.303370786516854
77,"Turkey vulture","Take-off Run","Day",94,28,0.297872340425532
78,"Ducks","Approach","Dusk",44,13,0.295454545454545
79,"Hawks","Climb","Day",229,65,0.283842794759825
80,"Mourning dove","Climb","Night",36,10,0.277777777777778
81,"Great horned owl","Landing Roll","Night",47,13,0.276595744680851
82,"Gulls","Climb","Day",978,265,0.270961145194274
83,"Turkey vulture","Landing Roll","Day",86,23,0.267441860465116
84,"Red-tailed hawk","Approach","Dusk",30,8,0.266666666666667
85,"Swainson's hawk","Approach","Day",30,8,0.266666666666667
86,"Hawks","Approach","Day",455,120,0.263736263736264
87,"Red-tailed hawk","Take-off Run","Dusk",50,13,0.26
88,"Herring gull","Climb","Day",97,25,0.257731958762887
89,"Red-tailed hawk","Take-off Run","Dawn",32,8,0.25
90,"Osprey","Take-off Run","Day",78,19,0.243589743589744
91,"Gulls","Climb","Night",99,24,0.242424242424242
92,"Rock pigeon","Climb","Day",302,73,0.241721854304636
93,"Ring-billed gull","Climb","Day",121,29,0.239669421487603
94,"Gulls","Climb","Dawn",92,22,0.239130434782609
95,"Great horned owl","Approach","Night",42,10,0.238095238095238
96,"Bald eagle","Landing Roll","Day",93,22,0.236559139784946
97,"White-headed gull complex","Take-off Run","Day",30,7,0.233333333333333
98,"Great blue heron","Approach","Day",69,16,0.231884057971014
99,"Green-winged teal","Approach","Night",61,14,0.229508196721311
100,"Northern flicker","Approach","Night",35,8,0.228571428571429
101,"Great blue heron","Take-off Run","Day",79,18,0.227848101265823
102,"Egrets","Climb","Day",41,9,0.219512195121951
103,"Herring gull","Approach","Day",169,35,0.207100591715976
104,"Mourning dove","Climb","Dusk",44,9,0.204545454545455
105,"Laughing gull","Climb","Day",54,11,0.203703703703704
106,"Ring-billed gull","Approach","Night",60,12,0.2
107,"Gulls","Approach","Dusk",141,28,0.198581560283688
108,"Osprey","Landing Roll","Day",81,16,0.197530864197531
109,"American crow","Climb","Day",61,12,0.19672131147541
110,"California gull","Take-off Run","Day",41,8,0.195121951219512
111,"Ducks","Take-off Run","Day",41,8,0.195121951219512
112,"White-headed gull complex","Approach","Day",144,28,0.194444444444444
113,"Western gull","Approach","Day",36,7,0.194444444444444
114,"Ducks","Landing Roll","Day",31,6,0.193548387096774
115,"Swainson's hawk","Landing Roll","Day",31,6,0.193548387096774
116,"Wild turkey","Take-off Run","Day",32,6,0.1875
117,"Herring gull","Take-off Run","Day",252,45,0.178571428571429
118,"Hawks","Take-off Run","Day",247,43,0.174089068825911
119,"Great blue heron","Landing Roll","Day",69,12,0.173913043478261
120,"Red-tailed hawk","Take-off Run","Day",547,94,0.171846435100548
121,"Gulls","Approach","Day",1557,262,0.168272318561336
122,"American woodcock","Approach","Night",48,8,0.166666666666667
123,"Franklin's gull","Take-off Run","Day",36,6,0.166666666666667
124,"Coyote","Take-off Run","Dawn",30,5,0.166666666666667
125,"Swainson's thrush","Climb","Night",30,5,0.166666666666667
126,"European starling","Climb","Dusk",37,6,0.162162162162162
127,"Crows","Approach","Day",62,10,0.161290322580645
128,"Owls","Approach","Night",87,14,0.160919540229885
129,"American robin","Climb","Night",59,9,0.152542372881356
130,"Gulls","Take-off Run","Dawn",120,18,0.15
131,"Gulls","Take-off Run","Day",1305,194,0.148659003831418
132,"Rock pigeon","Take-off Run","Day",520,74,0.142307692307692
133,"Gulls","Approach","Night",622,85,0.136655948553055
134,"Gulls","Take-off Run","Night",74,10,0.135135135135135
135,"Sora","Approach","Night",37,5,0.135135135135135
136,"Coyote","Take-off Run","Night",126,17,0.134920634920635
137,"Peregrine falcon","Take-off Run","Day",68,9,0.132352941176471
138,"White-headed gull complex","Approach","Night",61,8,0.131147540983607
139,"Ring-billed gull","Approach","Day",261,34,0.130268199233716
140,"Peregrine falcon","Landing Roll","Day",85,11,0.129411764705882
141,"Gulls","Landing Roll","Dawn",39,5,0.128205128205128
142,"Red-tailed hawk","Landing Roll","Dusk",47,6,0.127659574468085
143,"Rock pigeon","Approach","Day",677,86,0.127031019202363
144,"Egrets","Take-off Run","Day",79,10,0.126582278481013
145,"Coyote","Landing Roll","Night",245,31,0.126530612244898
146,"Rock pigeon","Take-off Run","Dawn",32,4,0.125
147,"Egrets","Approach","Day",65,8,0.123076923076923
148,"Rock pigeon","Approach","Night",33,4,0.121212121212121
149,"European starling","Climb","Dawn",58,7,0.120689655172414
150,"Ring-billed gull","Take-off Run","Day",276,33,0.119565217391304
151,"Western cattle egret","Take-off Run","Day",195,23,0.117948717948718
152,"Common grackle","Approach","Day",34,4,0.117647058823529
153,"Mallard","Take-off Run","Day",60,7,0.116666666666667
154,"California gull","Landing Roll","Day",35,4,0.114285714285714
155,"Sandpipers, curlews, phalaropes, allies","Approach","Day",35,4,0.114285714285714
156,"European starling","Climb","Day",466,52,0.111587982832618
157,"Rock pigeon","Taxi","Day",36,4,0.111111111111111
158,"Western cattle egret","Climb","Day",55,6,0.109090909090909
159,"Blackbirds","Climb","Day",185,20,0.108108108108108
160,"American robin","Approach","Dusk",47,5,0.106382978723404
161,"Peregrine falcon","Approach","Day",40,4,0.1
162,"Owls","Take-off Run","Night",30,3,0.1
163,"American robin","Approach","Night",424,42,0.0990566037735849
164,"Raccoon","Landing Roll","Night",41,4,0.0975609756097561
165,"Crows","Landing Roll","Day",31,3,0.0967741935483871
166,"Doves","Climb","Day",83,8,0.0963855421686747
167,"Western meadowlark","Climb","Day",52,5,0.0961538461538462
168,"Hawks","Approach","Night",42,4,0.0952380952380952
169,"Hawks","Landing Roll","Day",263,25,0.0950570342205323
170,"Blackbirds","Approach","Night",32,3,0.09375
171,"Sandpipers, curlews, phalaropes, allies","Take-off Run","Day",54,5,0.0925925925925926
172,"Red-tailed hawk","Landing Roll","Day",541,50,0.0924214417744917
173,"American barn owl","Approach","Night",163,15,0.0920245398773006
174,"Purple martin","Approach","Day",77,7,0.0909090909090909
175,"Gulls","Take-off Run","Dusk",45,4,0.0888888888888889
176,"American crow","Approach","Day",127,11,0.0866141732283465
177,"Owls","Landing Roll","Night",104,9,0.0865384615384615
178,"White-throated swift","Approach","Day",58,5,0.0862068965517241
179,"Blackbirds","Take-off Run","Day",151,13,0.0860927152317881
180,"Horned lark","Approach","Night",36,3,0.0833333333333333
181,"Gulls","Approach","Dawn",61,5,0.0819672131147541
182,"American barn owl","Climb","Night",37,3,0.0810810810810811
183,"Franklin's gull","Approach","Day",37,3,0.0810810810810811
184,"Mourning dove","Climb","Day",400,32,0.08
185,"Wood thrush","Approach","Night",38,3,0.0789473684210526
186,"Western cattle egret","Approach","Day",89,7,0.0786516853932584
187,"Coyote","Landing Roll","Day",51,4,0.0784313725490196
188,"Doves","Take-off Run","Day",193,15,0.077720207253886
189,"Herring gull","Landing Roll","Day",149,11,0.0738255033557047
190,"Rock pigeon","Landing Roll","Day",542,40,0.0738007380073801
191,"Gulls","Landing Roll","Night",86,6,0.0697674418604651
192,"Mourning dove","Take-off Run","Dusk",133,9,0.0676691729323308
193,"Killdeer","Climb","Day",163,11,0.0674846625766871
194,"American crow","Take-off Run","Day",89,6,0.0674157303370786
195,"Gulls","Landing Roll","Day",909,61,0.0671067106710671
196,"Doves","Approach","Day",142,9,0.0633802816901408
197,"American robin","Approach","Day",190,12,0.0631578947368421
198,"Mourning dove","Departure","Day",48,3,0.0625
199,"Blackbirds","Approach","Day",522,32,0.0613026819923372
200,"Mallard","Landing Roll","Day",49,3,0.0612244897959184
201,"Mourning dove","Climb","Dawn",50,3,0.06
202,"European starling","Approach","Night",68,4,0.0588235294117647
203,"Yellow-bellied sapsucker","Approach","Night",70,4,0.0571428571428571
204,"Eastern meadowlark","Climb","Day",106,6,0.0566037735849057
205,"American barn owl","Take-off Run","Night",124,7,0.0564516129032258
206,"Mourning dove","Take-off Run","Night",90,5,0.0555555555555556
207,"Laughing gull","Take-off Run","Day",127,7,0.0551181102362205
208,"Mourning dove","Approach","Night",240,13,0.0541666666666667
209,"Perching birds (y)","Climb","Day",57,3,0.0526315789473684
210,"Mourning dove","Take-off Run","Dawn",232,12,0.0517241379310345
211,"Mourning dove","Approach","Day",703,36,0.0512091038406828
212,"Pacific golden-plover","Landing Roll","Night",59,3,0.0508474576271186
213,"Laughing gull","Approach","Day",99,5,0.0505050505050505
214,"Black-tailed jackrabbit","Landing Roll","Night",62,3,0.0483870967741935
215,"American barn owl","Landing Roll","Night",290,14,0.0482758620689655
216,"American crow","Landing Roll","Day",83,4,0.0481927710843374
217,"Pacific golden-plover","Approach","Day",63,3,0.0476190476190476
218,"Ring-billed gull","Landing Roll","Day",235,11,0.0468085106382979
219,"Egrets","Landing Roll","Day",89,4,0.0449438202247191
220,"Mourning dove","Take-off Run","Day",1245,53,0.042570281124498
221,"Red fox","Landing Roll","Night",72,3,0.0416666666666667
222,"Western meadowlark","Approach","Day",183,7,0.0382513661202186
223,"European starling","Take-off Run","Day",798,30,0.037593984962406
224,"Swainson's thrush","Approach","Night",244,9,0.0368852459016393
225,"Western cattle egret","Landing Roll","Day",166,6,0.036144578313253
226,"Coyote","Take-off Run","Day",85,3,0.0352941176470588
227,"Red-winged blackbird","Approach","Day",87,3,0.0344827586206897
228,"European starling","Approach","Day",987,34,0.0344478216818642
229,"Killdeer","Approach","Day",354,12,0.0338983050847458
230,"Mourning dove","Landing Roll","Night",179,6,0.0335195530726257
231,"Doves","Landing Roll","Day",182,6,0.032967032967033
232,"American kestrel","Climb","Day",213,7,0.0328638497652582
233,"Mourning dove","Landing Roll","Dawn",93,3,0.032258064516129
234,"Sparrows","Approach","Night",98,3,0.0306122448979592
235,"Eastern meadowlark","Take-off Run","Day",456,13,0.0285087719298246
236,"Blackbirds","Landing Roll","Day",147,4,0.0272108843537415
237,"Killdeer","Approach","Night",331,9,0.027190332326284
238,"Eastern meadowlark","Approach","Day",187,5,0.0267379679144385
239,"Pacific golden-plover","Take-off Run","Day",114,3,0.0263157894736842
240,"Hermit thrush","Approach","Night",161,4,0.0248447204968944
241,"Mourning dove","Approach","Dusk",123,3,0.024390243902439
242,"Western meadowlark","Take-off Run","Day",206,5,0.0242718446601942
243,"Perching birds (y)","Approach","Night",294,7,0.0238095238095238
244,"American kestrel","Approach","Day",466,11,0.0236051502145923
245,"Killdeer","Take-off Run","Day",565,12,0.0212389380530973
246,"Sparrows","Climb","Day",384,8,0.0208333333333333
247,"Dark-eyed junco","Approach","Night",148,3,0.0202702702702703
248,"Sparrows","Landing Roll","Day",728,14,0.0192307692307692
249,"Mourning dove","Landing Roll","Day",1311,25,0.01906941266209
250,"Cedar waxwing","Approach","Day",216,4,0.0185185185185185
251,"Sparrows","Approach","Day",763,14,0.018348623853211
252,"Yellow-rumped warbler","Approach","Night",167,3,0.0179640718562874
253,"American kestrel","Take-off Run","Day",783,14,0.0178799489144317
254,"Mourning dove","Landing Roll","Dusk",229,4,0.0174672489082969
255,"Killdeer","Landing Roll","Night",348,6,0.0172413793103448
256,"Sparrows","Take-off Run","Day",663,10,0.0150829562594268
257,"Horned lark","Climb","Day",200,3,0.015
258,"Western meadowlark","Landing Roll","Day",341,5,0.0146627565982405
259,"White-throated sparrow","Approach","Night",227,3,0.013215859030837
260,"Horned lark","Take-off Run","Day",914,12,0.0131291028446389
261,"European starling","Landing Roll","Day",835,10,0.0119760479041916
262,"Eastern meadowlark","Landing Roll","Day",425,5,0.0117647058823529
263,"Chimney swift","Approach","Day",732,8,0.0109289617486339
264,"Swallows","Landing Roll","Day",370,4,0.0108108108108108
265,"Barn swallow","Climb","Day",415,4,0.00963855421686747
266,"American kestrel","Landing Roll","Day",1170,11,0.0094017094017094
267,"Horned lark","Landing Roll","Day",1147,10,0.00871839581517001
268,"Brazilian free-tailed bat","Approach","Night",399,3,0.0075187969924812
269,"Horned lark","Approach","Day",497,3,0.00603621730382294
270,"Barn swallow","Landing Roll","Day",2004,11,0.00548902195608782
271,"Killdeer","Landing Roll","Day",739,4,0.0054127198917456
272,"Barn swallow","Approach","Day",1074,5,0.00465549348230913
273,"Barn swallow","Take-off Run","Day",1458,6,0.00411522633744856
