"SPECIES_GROUP","PHASE_GROUP","TIME_OF_DAY","reported_strikes","damaging_strikes","damage_rate"
"Seabirds","En route","Night",5,5,1
"Seabirds","En route","Dawn",2,2,1
"Seabirds","En route","Dusk",2,2,1
"Unknown","Arrival","Dusk",2,2,1
"Other mammals","Ground","Dusk",1,1,1
"Raptors","Ground","Dawn",1,1,1
"Reptiles & amphibians","Arrival","Dawn",1,1,1
"Upland game birds","En route","Dusk",1,1,1
"Wading birds","En route","Dusk",1,1,1
"Deer","Arrival","Night",587,508,0.86541737649063
"Deer","Arrival","Day",215,180,0.837209302325581
"Deer","Arrival","Dusk",118,98,0.830508474576271
"Deer","Departure","Day",99,80,0.808080808080808
"Deer","Departure","Night",207,166,0.801932367149758
"Waterfowl","En route","Day",112,87,0.776785714285714
"Waterfowl","En route","Night",217,163,0.751152073732719
"Deer","Arrival","Dawn",12,9,0.75
"Wading birds","En route","Night",31,23,0.741935483870968
"Deer","Departure","Dawn",23,17,0.739130434782609
"Waterfowl","En route","Dusk",29,21,0.724137931034483
"Seabirds","En route","Day",81,58,0.716049382716049
"Deer","Ground","Day",7,5,0.714285714285714
"Deer","Departure","Dusk",45,31,0.688888888888889
"Gulls & terns","En route","Dusk",9,6,0.666666666666667
"Corvids","En route","Night",3,2,0.666666666666667
"Unknown","Arrival","Day",3,2,0.666666666666667
"Raptors","En route","Day",498,329,0.660642570281124
"Deer","Ground","Night",13,8,0.615384615384615
"Seabirds","Departure","Day",160,98,0.6125
"Gulls & terns","En route","Dawn",5,3,0.6
"Waterfowl","Departure","Night",466,272,0.583690987124464
"Corvids","Departure","Night",7,4,0.571428571428571
"Deer","En route","Night",7,4,0.571428571428571
"Waterfowl","Departure","Dusk",116,63,0.543103448275862
"Gulls & terns","En route","Day",177,96,0.542372881355932
"Waterfowl","Departure","Dawn",134,67,0.5
"Corvids","En route","Day",14,7,0.5
"Upland game birds","Departure","Dusk",8,4,0.5
"Raptors","En route","Dusk",6,3,0.5
"Waterfowl","En route","Dawn",6,3,0.5
"Deer","En route","Day",4,2,0.5
"Raptors","En route","Dawn",4,2,0.5
"Seabirds","Departure","Dusk",4,2,0.5
"Upland game birds","En route","Day",2,1,0.5
"Waterfowl","Arrival","Night",1990,942,0.473366834170854
"Waterfowl","Departure","Day",913,417,0.456736035049288
"Upland game birds","Departure","Night",9,4,0.444444444444444
"Seabirds","Arrival","Day",213,92,0.431924882629108
"Waterfowl","Arrival","Dusk",325,139,0.427692307692308
"Raptors","En route","Night",24,10,0.416666666666667
"Wading birds","En route","Day",23,9,0.391304347826087
"Other birds","En route","Night",18,7,0.388888888888889
"Seabirds","Departure","Dawn",13,5,0.384615384615385
"Waterfowl","Arrival","Day",1330,501,0.376691729323308
"Wading birds","Departure","Night",118,43,0.364406779661017
"Waterfowl","Arrival","Dawn",106,37,0.349056603773585
"Wading birds","Departure","Dawn",42,14,0.333333333333333
"Other birds","En route","Dusk",3,1,0.333333333333333
"Unknown","Departure","Night",3,1,0.333333333333333
"Upland game birds","Ground","Day",3,1,0.333333333333333
"Upland game birds","Arrival","Day",132,43,0.325757575757576
"Wading birds","Departure","Dusk",31,10,0.32258064516129
"Shorebirds","En route","Night",25,8,0.32
"Upland game birds","Departure","Dawn",13,4,0.307692307692308
"Gulls & terns","En route","Night",36,11,0.305555555555556
"Corvids","Departure","Dawn",18,5,0.277777777777778
"Seabirds","Arrival","Night",116,32,0.275862068965517
"Wading birds","Arrival","Dusk",45,12,0.266666666666667
"Seabirds","Departure","Night",49,13,0.26530612244898
"Wading birds","Arrival","Night",422,106,0.251184834123223
"Doves & pigeons","En route","Night",28,7,0.25
"Seabirds","Arrival","Dusk",8,2,0.25
"Upland game birds","Arrival","Dusk",8,2,0.25
"Unknown bird","En route","Day",1903,444,0.233315817130846
"Raptors","Departure","Day",3775,880,0.233112582781457
"Gulls & terns","Departure","Night",232,52,0.224137931034483
"Seabirds","Arrival","Dawn",18,4,0.222222222222222
"Unknown bird","Ground","Dawn",9,2,0.222222222222222
"Unknown bird","En route","Dusk",141,31,0.219858156028369
"Gulls & terns","Departure","Dusk",129,28,0.217054263565891
"Gulls & terns","Departure","Dawn",325,70,0.215384615384615
"Raptors","Arrival","Day",5694,1206,0.211801896733404
"Raptors","Departure","Dusk",173,36,0.208092485549133
"Wading birds","Arrival","Dawn",30,6,0.2
"Doves & pigeons","En route","Dawn",5,1,0.2
"Reptiles & amphibians","Arrival","Night",5,1,0.2
"Wading birds","Departure","Day",693,138,0.199134199134199
"Upland game birds","Departure","Day",102,20,0.196078431372549
"Gulls & terns","Departure","Day",3700,717,0.193783783783784
"Raptors","Departure","Dawn",187,32,0.171122994652406
"Shorebirds","Ground","Day",12,2,0.166666666666667
"Unknown","Arrival","Night",12,2,0.166666666666667
"Corvids","Arrival","Night",25,4,0.16
"Perching birds","En route","Night",199,30,0.150753768844221
"Other mammals","Arrival","Dusk",41,6,0.146341463414634
"Unknown bird","En route","Dawn",77,11,0.142857142857143
"Bats","En route","Dusk",7,1,0.142857142857143
"Doves & pigeons","En route","Dusk",7,1,0.142857142857143
"Perching birds","En route","Dawn",7,1,0.142857142857143
"Waterfowl","Ground","Day",7,1,0.142857142857143
"Raptors","Departure","Night",392,55,0.14030612244898
"Gulls & terns","Arrival","Night",990,137,0.138383838383838
"Corvids","Departure","Day",248,34,0.137096774193548
"Other birds","Departure","Night",75,10,0.133333333333333
"Unknown bird","En route","Night",2905,382,0.131497418244406
"Wading birds","Arrival","Day",771,101,0.130998702983139
"Gulls & terns","Arrival","Dawn",177,23,0.129943502824859
"Gulls & terns","Arrival","Dusk",286,36,0.125874125874126
"Other birds","En route","Day",32,4,0.125
"Doves & pigeons","Departure","Night",194,24,0.123711340206186
"Gulls & terns","Arrival","Day",4128,509,0.123304263565891
"Waterfowl","Ground","Night",9,1,0.111111111111111
"Shorebirds","En route","Day",47,5,0.106382978723404
"Raptors","Arrival","Dusk",296,31,0.10472972972973
"Raptors","Arrival","Night",1270,132,0.103937007874016
"Other mammals","En route","Day",10,1,0.1
"Other mammals","Departure","Night",337,33,0.0979228486646884
"Doves & pigeons","Departure","Dusk",236,23,0.0974576271186441
"Corvids","Arrival","Day",360,34,0.0944444444444444
"Raptors","Arrival","Dawn",128,12,0.09375
"Corvids","Departure","Dusk",11,1,0.0909090909090909
"Doves & pigeons","Departure","Day",3035,274,0.0902800658978583
"Doves & pigeons","En route","Day",80,7,0.0875
"Other mammals","Arrival","Night",743,61,0.0820995962314939
"Unknown bird","Departure","Dusk",1366,110,0.0805270863836018
"Unknown bird","Departure","Night",7862,626,0.0796235054693462
"Other mammals","Departure","Dawn",78,6,0.0769230769230769
"Corvids","Arrival","Dawn",13,1,0.0769230769230769
"Shorebirds","Departure","Night",243,18,0.0740740740740741
"Other mammals","Arrival","Day",299,22,0.0735785953177258
"Unknown bird","Arrival","Dusk",2553,175,0.0685468076772425
"Perching birds","Departure","Night",678,45,0.0663716814159292
"Unknown bird","Departure","Day",22014,1372,0.0623239756518579
"Other birds","Arrival","Night",403,24,0.0595533498759305
"Unknown bird","Departure","Dawn",1731,102,0.0589254766031196
"Wading birds","Ground","Day",34,2,0.0588235294117647
"Doves & pigeons","Arrival","Night",594,34,0.0572390572390572
"Other mammals","Ground","Day",18,1,0.0555555555555556
"Unknown bird","Arrival","Night",29998,1635,0.0545036335755717
"Doves & pigeons","Departure","Dawn",405,22,0.054320987654321
"Shorebirds","Departure","Dusk",111,6,0.0540540540540541
"Doves & pigeons","Arrival","Day",4023,212,0.0526969922943077
"Shorebirds","Departure","Day",1318,66,0.0500758725341426
"Unknown bird","Arrival","Day",30953,1516,0.0489774819888218
"Perching birds","En route","Day",366,17,0.046448087431694
"Shorebirds","Arrival","Night",1230,57,0.0463414634146341
"Unknown bird","Ground","Night",65,3,0.0461538461538462
"Other mammals","Departure","Dusk",22,1,0.0454545454545455
"Unknown bird","Arrival","Dawn",1368,62,0.0453216374269006
"Doves & pigeons","Ground","Day",117,5,0.0427350427350427
"Bats","En route","Night",53,2,0.0377358490566038
"Other mammals","Departure","Day",217,8,0.0368663594470046
"Perching birds","Departure","Dusk",421,13,0.0308788598574822
"Perching birds","Arrival","Night",5617,173,0.0307993590884814
"Shorebirds","Arrival","Dusk",242,7,0.0289256198347107
"Bats","Departure","Night",139,4,0.0287769784172662
"Raptors","Ground","Day",40,1,0.025
"Perching birds","Arrival","Dawn",445,11,0.0247191011235955
"Perching birds","Arrival","Dusk",1060,26,0.0245283018867925
"Perching birds","Departure","Dawn",571,14,0.0245183887915937
"Doves & pigeons","Arrival","Dusk",451,11,0.024390243902439
"Other birds","Arrival","Dawn",41,1,0.024390243902439
"Shorebirds","Arrival","Day",2117,51,0.024090694378838
"Perching birds","Departure","Day",10108,240,0.0237435694499406
"Shorebirds","Departure","Dawn",127,3,0.0236220472440945
"Doves & pigeons","Arrival","Dawn",228,5,0.0219298245614035
"Other mammals","Ground","Night",46,1,0.0217391304347826
"Bats","Arrival","Day",141,3,0.0212765957446809
"Other birds","Arrival","Day",1182,25,0.0211505922165821
"Other birds","Departure","Day",250,5,0.02
"Bats","Departure","Day",64,1,0.015625
"Unknown bird","Ground","Day",201,3,0.0149253731343284
"Perching birds","Arrival","Day",16982,249,0.0146625839123778
"Shorebirds","Arrival","Dawn",141,2,0.0141843971631206
"Bats","Arrival","Night",1445,14,0.00968858131487889
"Perching birds","Ground","Day",74,0,0
"Bats","Arrival","Dusk",69,0,0
"Other birds","Arrival","Dusk",69,0,0
"Gulls & terns","Ground","Day",51,0,0
"Reptiles & amphibians","Arrival","Day",46,0,0
"Reptiles & amphibians","Departure","Day",32,0,0
"Perching birds","En route","Dusk",29,0,0
"Other mammals","Arrival","Dawn",28,0,0
"Other mammals","En route","Night",23,0,0
"Other birds","Departure","Dawn",21,0,0
"Other birds","Departure","Dusk",20,0,0
"Doves & pigeons","Ground","Night",19,0,0
"Corvids","Arrival","Dusk",16,0,0
"Gulls & terns","Ground","Night",15,0,0
"Unknown bird","Ground","Dusk",15,0,0
"Upland game birds","Arrival","Night",15,0,0
"Bats","Arrival","Dawn",13,0,0
"Shorebirds","Ground","Night",12,0,0
"Bats","Departure","Dusk",9,0,0
"Perching birds","Ground","Night",9,0,0
"Upland game birds","Arrival","Dawn",8,0,0
"Other mammals","Ground","Dawn",7,0,0
"Raptors","Ground","Night",7,0,0
"Reptiles & amphibians","Ground","Day",7,0,0
"Reptiles & amphibians","Ground","Night",7,0,0
"Doves & pigeons","Ground","Dusk",6,0,0
"Reptiles & amphibians","Departure","Night",6,0,0
"Seabirds","Ground","Day",6,0,0
"Bats","Departure","Dawn",5,0,0
"Bats","En route","Day",4,0,0
"Corvids","Ground","Day",4,0,0
"Other birds","Ground","Night",4,0,0
"Other mammals","En route","Dusk",4,0,0
"Perching birds","Ground","Dusk",4,0,0
"Unknown","Departure","Day",4,0,0
"Doves & pigeons","Ground","Dawn",3,0,0
"Shorebirds","Ground","Dawn",3,0,0
"Shorebirds","En route","Dusk",3,0,0
"Upland game birds","Ground","Night",3,0,0
"Perching birds","Ground","Dawn",2,0,0
"Reptiles & amphibians","Ground","Dusk",2,0,0
"Reptiles & amphibians","En route","Day",2,0,0
"Seabirds","Ground","Night",2,0,0
"Upland game birds","Ground","Dawn",2,0,0
"Wading birds","Ground","Dusk",2,0,0
"Wading birds","Ground","Night",2,0,0
"Bats","Ground","Night",1,0,0
"Corvids","Ground","Dawn",1,0,0
"Deer","Ground","Dawn",1,0,0
"Deer","Ground","Dusk",1,0,0
"Gulls & terns","Ground","Dawn",1,0,0
"Gulls & terns","Ground","Dusk",1,0,0
"Other birds","Ground","Day",1,0,0
"Other birds","En route","Dawn",1,0,0
"Other mammals","En route","Dawn",1,0,0
"Raptors","Ground","Dusk",1,0,0
"Reptiles & amphibians","Departure","Dawn",1,0,0
"Reptiles & amphibians","Departure","Dusk",1,0,0
"Reptiles & amphibians","En route","Night",1,0,0
"Reptiles & amphibians","Arrival","Dusk",1,0,0
"Seabirds","Ground","Dawn",1,0,0
"Shorebirds","En route","Dawn",1,0,0
"Unknown","Ground","Night",1,0,0
"Upland game birds","En route","Night",1,0,0
"Wading birds","En route","Dawn",1,0,0
"Waterfowl","Ground","Dawn",1,0,0
"Waterfowl","Ground","Dusk",1,0,0
