"rank","SPECIES_GROUP","PHASE_GROUP","TIME_OF_DAY","reported_strikes","damaging_strikes","damage_rate"
1,"Deer","Arrival","Night",587,508,0.86541737649063
2,"Deer","Arrival","Day",215,180,0.837209302325581
3,"Deer","Arrival","Dusk",118,98,0.830508474576271
4,"Deer","Departure","Day",99,80,0.808080808080808
5,"Deer","Departure","Night",207,166,0.801932367149758
6,"Waterfowl","En route","Day",112,87,0.776785714285714
7,"Waterfowl","En route","Night",217,163,0.751152073732719
8,"Wading birds","En route","Night",31,23,0.741935483870968
9,"Seabirds","En route","Day",81,58,0.716049382716049
10,"Deer","Departure","Dusk",45,31,0.688888888888889
11,"Raptors","En route","Day",498,329,0.660642570281124
12,"Seabirds","Departure","Day",160,98,0.6125
13,"Waterfowl","Departure","Night",466,272,0.583690987124464
14,"Waterfowl","Departure","Dusk",116,63,0.543103448275862
15,"Gulls & terns","En route","Day",177,96,0.542372881355932
16,"Waterfowl","Departure","Dawn",134,67,0.5
17,"Waterfowl","Arrival","Night",1990,942,0.473366834170854
18,"Waterfowl","Departure","Day",913,417,0.456736035049288
19,"Seabirds","Arrival","Day",213,92,0.431924882629108
20,"Waterfowl","Arrival","Dusk",325,139,0.427692307692308
21,"Waterfowl","Arrival","Day",1330,501,0.376691729323308
22,"Wading birds","Departure","Night",118,43,0.364406779661017
23,"Waterfowl","Arrival","Dawn",106,37,0.349056603773585
24,"Wading birds","Departure","Dawn",42,14,0.333333333333333
25,"Upland game birds","Arrival","Day",132,43,0.325757575757576
26,"Wading birds","Departure","Dusk",31,10,0.32258064516129
27,"Gulls & terns","En route","Night",36,11,0.305555555555556
28,"Seabirds","Arrival","Night",116,32,0.275862068965517
29,"Wading birds","Arrival","Dusk",45,12,0.266666666666667
30,"Seabirds","Departure","Night",49,13,0.26530612244898
31,"Wading birds","Arrival","Night",422,106,0.251184834123223
32,"Unknown bird","En route","Day",1903,444,0.233315817130846
33,"Raptors","Departure","Day",3775,880,0.233112582781457
34,"Gulls & terns","Departure","Night",232,52,0.224137931034483
35,"Unknown bird","En route","Dusk",141,31,0.219858156028369
36,"Gulls & terns","Departure","Dusk",129,28,0.217054263565891
37,"Gulls & terns","Departure","Dawn",325,70,0.215384615384615
38,"Raptors","Arrival","Day",5694,1206,0.211801896733404
39,"Raptors","Departure","Dusk",173,36,0.208092485549133
40,"Wading birds","Arrival","Dawn",30,6,0.2
41,"Wading birds","Departure","Day",693,138,0.199134199134199
42,"Upland game birds","Departure","Day",102,20,0.196078431372549
43,"Gulls & terns","Departure","Day",3700,717,0.193783783783784
44,"Raptors","Departure","Dawn",187,32,0.171122994652406
45,"Perching birds","En route","Night",199,30,0.150753768844221
46,"Other mammals","Arrival","Dusk",41,6,0.146341463414634
47,"Unknown bird","En route","Dawn",77,11,0.142857142857143
48,"Raptors","Departure","Night",392,55,0.14030612244898
49,"Gulls & terns","Arrival","Night",990,137,0.138383838383838
50,"Corvids","Departure","Day",248,34,0.137096774193548
51,"Other birds","Departure","Night",75,10,0.133333333333333
52,"Unknown bird","En route","Night",2905,382,0.131497418244406
53,"Wading birds","Arrival","Day",771,101,0.130998702983139
54,"Gulls & terns","Arrival","Dawn",177,23,0.129943502824859
55,"Gulls & terns","Arrival","Dusk",286,36,0.125874125874126
56,"Other birds","En route","Day",32,4,0.125
57,"Doves & pigeons","Departure","Night",194,24,0.123711340206186
58,"Gulls & terns","Arrival","Day",4128,509,0.123304263565891
59,"Shorebirds","En route","Day",47,5,0.106382978723404
60,"Raptors","Arrival","Dusk",296,31,0.10472972972973
61,"Raptors","Arrival","Night",1270,132,0.103937007874016
62,"Other mammals","Departure","Night",337,33,0.0979228486646884
63,"Doves & pigeons","Departure","Dusk",236,23,0.0974576271186441
64,"Corvids","Arrival","Day",360,34,0.0944444444444444
65,"Raptors","Arrival","Dawn",128,12,0.09375
66,"Doves & pigeons","Departure","Day",3035,274,0.0902800658978583
67,"Doves & pigeons","En route","Day",80,7,0.0875
68,"Other mammals","Arrival","Night",743,61,0.0820995962314939
69,"Unknown bird","Departure","Dusk",1366,110,0.0805270863836018
70,"Unknown bird","Departure","Night",7862,626,0.0796235054693462
71,"Other mammals","Departure","Dawn",78,6,0.0769230769230769
72,"Shorebirds","Departure","Night",243,18,0.0740740740740741
73,"Other mammals","Arrival","Day",299,22,0.0735785953177258
74,"Unknown bird","Arrival","Dusk",2553,175,0.0685468076772425
75,"Perching birds","Departure","Night",678,45,0.0663716814159292
76,"Unknown bird","Departure","Day",22014,1372,0.0623239756518579
77,"Other birds","Arrival","Night",403,24,0.0595533498759305
78,"Unknown bird","Departure","Dawn",1731,102,0.0589254766031196
79,"Wading birds","Ground","Day",34,2,0.0588235294117647
80,"Doves & pigeons","Arrival","Night",594,34,0.0572390572390572
81,"Unknown bird","Arrival","Night",29998,1635,0.0545036335755717
82,"Doves & pigeons","Departure","Dawn",405,22,0.054320987654321
83,"Shorebirds","Departure","Dusk",111,6,0.0540540540540541
84,"Doves & pigeons","Arrival","Day",4023,212,0.0526969922943077
85,"Shorebirds","Departure","Day",1318,66,0.0500758725341426
86,"Unknown bird","Arrival","Day",30953,1516,0.0489774819888218
87,"Perching birds","En route","Day",366,17,0.046448087431694
88,"Shorebirds","Arrival","Night",1230,57,0.0463414634146341
89,"Unknown bird","Ground","Night",65,3,0.0461538461538462
90,"Unknown bird","Arrival","Dawn",1368,62,0.0453216374269006
91,"Doves & pigeons","Ground","Day",117,5,0.0427350427350427
92,"Bats","En route","Night",53,2,0.0377358490566038
93,"Other mammals","Departure","Day",217,8,0.0368663594470046
94,"Perching birds","Departure","Dusk",421,13,0.0308788598574822
95,"Perching birds","Arrival","Night",5617,173,0.0307993590884814
96,"Shorebirds","Arrival","Dusk",242,7,0.0289256198347107
97,"Bats","Departure","Night",139,4,0.0287769784172662
98,"Raptors","Ground","Day",40,1,0.025
99,"Perching birds","Arrival","Dawn",445,11,0.0247191011235955
100,"Perching birds","Arrival","Dusk",1060,26,0.0245283018867925
101,"Perching birds","Departure","Dawn",571,14,0.0245183887915937
102,"Doves & pigeons","Arrival","Dusk",451,11,0.024390243902439
103,"Other birds","Arrival","Dawn",41,1,0.024390243902439
104,"Shorebirds","Arrival","Day",2117,51,0.024090694378838
105,"Perching birds","Departure","Day",10108,240,0.0237435694499406
106,"Shorebirds","Departure","Dawn",127,3,0.0236220472440945
107,"Doves & pigeons","Arrival","Dawn",228,5,0.0219298245614035
108,"Other mammals","Ground","Night",46,1,0.0217391304347826
109,"Bats","Arrival","Day",141,3,0.0212765957446809
110,"Other birds","Arrival","Day",1182,25,0.0211505922165821
111,"Other birds","Departure","Day",250,5,0.02
112,"Bats","Departure","Day",64,1,0.015625
113,"Unknown bird","Ground","Day",201,3,0.0149253731343284
114,"Perching birds","Arrival","Day",16982,249,0.0146625839123778
115,"Shorebirds","Arrival","Dawn",141,2,0.0141843971631206
116,"Bats","Arrival","Night",1445,14,0.00968858131487889
117,"Perching birds","Ground","Day",74,0,0
118,"Bats","Arrival","Dusk",69,0,0
119,"Other birds","Arrival","Dusk",69,0,0
120,"Gulls & terns","Ground","Day",51,0,0
121,"Reptiles & amphibians","Arrival","Day",46,0,0
122,"Reptiles & amphibians","Departure","Day",32,0,0
