"AIRPORT_ID","n"
"ZZZZ",47669
"KDEN",11734
"KDFW",9072
"KORD",7520
"KJFK",6756
"KMEM",5577
"KSLC",4429
"KATL",4382
"KSMF",4375
"KDTW",4365
"KMCO",4334
"KIAH",3855
"KCLT",3816
"KLGA",3795
"KSDF",3577
"KMCI",3494
"KAUS",3471
"KEWR",3331
"KCVG",3308
"KBNA",3227
"KPHL",3213
"KLAX",3164
"KBOS",2953
"KBWI",2916
"KPDX",2842
"KIAD",2733
"KSFO",2722
"KDAL",2693
"KCLE",2678
"KFLL",2586
"KIND",2559
"KMSP",2558
"KMSY",2443
"KPIT",2424
"KSEA",2407
"KTEB",2347
"KMDW",2289
"KDCA",2256
"KCMH",2162
"KHOU",2153
"KSAT",2138
"KRSW",2131
"KTPA",2100
"KOMA",2085
"KSJC",2076
"KSTL",2059
"KPHX",2004
"KOAK",1995
"PHNL",1863
"KMIA",1822
"PHLI",1540
"KMKE",1517
"KJAX",1486
"KOKC",1397
"KGRR",1377
"KDSM",1333
"KONT",1299
"KBDL",1269
"KMDT",1265
"KRDU",1189
"KSRQ",1157
"KSFB",1147
"KLIT",1143
"KACY",1107
"KALB",1092
"KLGB",1072
"KPVD",1068
"KRIC",1059
"KBHM",1057
"KCHS",1017
"KBUF",1012
"KMFE",1012
"KDAY",966
"KHPN",932
"PHOG",930
"KORF",928
"KBKL",920
"KDAB",920
"KCOS",915
"KSAN",904
"KSBA",901
"KHSV",862
"KLAS",849
"KTYS",849
"KIWA",842
"KTUL",836
"KLEX",816
"KMMU",796
"KSAV",796
"KPBI",780
"KABE",778
"KMSN",753
"KCRP",749
"KSNA",733
"KBTR",731
"KPIE",729
"KPWM",727
"KABQ",726
"KPIA",709
"KBUR",700
"KTUS",674
"KMYR",673
"KELP",669
"KEVV",659
"TJSJ",659
"KRFD",652
"KAPA",645
"KFWA",637
"KROC",637
"KMLI",617
"KCID",614
"KLCK",614
"KBOI",613
"KPSM",607
"KGSO",606
"KSBN",601
"KSGF",601
"PHTO",600
"KICT",590
"KGNV",584
"KPNS",579
"KVNY",576
"KHVN",570
"KCHA",554
"KAGS",553
"KMAF",547
"KMKC",541
"KRNO",533
"KEYW",532
"KILM",521
"KLAN",514
"PANC",513
"KMHT",510
"KFSD",508
"KISP",497
"KGFK",496
"KJAN",480
"KGSP",474
"KILN",469
"KAVL",461
"KGPT",461
"KCAE",456
"KLBB",448
"KLNK",444
"KBED",441
"KSHV",429
"KPGD",428
"KAFW",427
"KGEG",426
"KROA",419
"KXNA",417
"KBJC",415
"KFAT",412
"KBFI",407
"KBTV",404
"KPHF",403
"KMFR",402
"KLFT",401
"KYIP",399
"KMLB",398
"KFTW",392
"KTVC",388
"KEUG",386
"KEFD",382
"KHRL",375
"KGRB",371
"KPWK",370
"KSYR",353
"KMWH",346
"KAMA",344
"PGUM",339
"KCMI",334
"KRAP",332
"KTTN",322
"KADS",321
"KGON",319
"KFAR",318
"KORL",318
"KPDK",314
"KBMI",311
"KPAE",309
"KAVP",301
"KTRI",300
"KBIL",298
"KTLH",290
"KCOU",286
"KMBS",282
"KFNT",280
"KLAL",278
"KBIS",267
"KCRW",266
"KSWF",265
"KDPA",261
"KLRD",261
"KBLI",259
"KFXE",257
"KLSE",255
"KATW",253
"KMLU",253
"PHJR",253
"KTOL",249
"KSUX",247
"KMOB",246
"KABR",242
"PAFA",241
"KAPC",239
"RPLC",237
"KMHR",236
"KASE",235
"TIST",234
"KHEF",233
"KCAK",230
"KBGR",229
"KUNV",221
"KRST",219
"KCPS",211
"KPUB",210
"KAZO",205
"KFMY",204
"KHYA",204
"PHMK",204
"KAPF",203
"KCLL",203
"KMSO",200
"KOSU",200
"KBZN",199
"KLUK",198
"KSUS",197
"KSTS",195
"LFPG",195
"KILG",190
"KERI",189
"KSCK",183
"KSPI",183
"KVRB",182
"MPTO",182
"KPSP",181
"KHIO",179
"PHJH",179
"KPVU",177
"KLMT",176
"KNEW",175
"KTKI",175
"KPAO",174
"MROC",174
"PGSN",173
"KECG",172
"KPSC",172
"KBLV",167
"KCMA",166
"KORH",166
"KHDN",164
"TISX",164
"KHTS",162
"KMOT",156
"KAGC",155
"PASI",155
"KVQQ",153
"PAJN",153
"KBFM",152
"KELM",151
"KGPI",151
"KPRC",151
"KRVS",151
"KBAK",150
"KBDR",150
"KECP",150
"KACK",149
"KOPF",149
"MSLP",149
"KCHO",147
"KSQL",147
"KMGM",146
"KBGM",144
"KFSM",142
"KPTK",140
"KOQU",138
"MMUN",138
"KABI",135
"KSBP",133
"KJAC",132
"KDTO",130
"KGJT",130
"KFNL",129
"CYYZ",128
"EDDK",128
"KSTP",128
"KGTF",127
"KBCT",126
"KDXR",124
"KGRI",124
"KGYY",124
"KHGR",124
"MMGL",124
"KCNO",123
"KCSG",122
"KSGJ",122
"CYVR",121
"KLYH",120
"KTYR",120
"KGGG",118
"KLOU",118
"KTMB",117
"KFRG",116
"KSGR",115
"MNMG",115
"KDIK",114
"KFOE",114
"KDRO",113
"KRDM",113
"KUES",113
"ZGGG",113
"KBAF",112
"KLAF",111
"KRDG",111
"KVPS",109
"KDWH",108
"KIDA",106
"KMRY",105
"PMDY",105
"KMTJ",104
"KCRG",103
"KDLH",103
"KEWN",103
"KDVT",102
"KMCN",102
"KRNT",102
"KCKB",101
"KEGE",100
"KMTN",100
"KPIR",98
"KCCR",97
"KMFD",97
"KFPR",96
"KSLE",95
"KMVY",94
"KBFL",93
"KBRO",93
"KIXD",93
"KSAC",93
"KDEN*",92
"KGTR",92
"PHNY",92
"KITH",91
"KUGN",91
"KBTL",90
"KGKY",90
"KISM",90
"KJQF",90
"KSBD",90
"TJBQ",90
"KHWD",89
"KISN",89
"MMMX",89
"KFCM",88
"ZSPD",88
"KYKM",87
"MDSD",87
"KIAG",86
"KTWF",86
"KXWA",86
"KFFZ",85
"KSTJ",85
"KOAJ",84
"MKJS",84
"EGLL",83
"KPNE",82
"KSAF",82
"KFAY",80
"KHWO",80
"KCPR",78
"KPFN",78
"KFTY",77
"KFWS",77
"KCWA",76
"KHXD",76
"SAEZ",76
"SKBO",76
"KHUF",75
"KMTH",75
"KMWA",75
"KMYF",75
"KOTH",75
"KCGF",74
"KFIN",74
"KOJC",74
"KPUW",74
"MDST",74
"KABY",72
"KEWB",72
"KFLG",72
"PADQ",72
"KPOC",71
"KSJT",70
"VIDP",70
"KBHB",69
"KEAT",69
"KEVB",69
"KHFD",69
"KOXR",69
"MMMY",69
"KCGX",68
"KLBF",68
"KOUN",68
"MRLB",68
"WMKP",68
"KALO",67
"KJLN",67
"KUIN",67
"MDPC",67
"KACT",66
"KGYR",66
"KSWO",66
"LEMD",66
"KLVK",65
"KLWS",65
"KMHK",64
"KMQY",63
"KOCF",63
"KRDD",63
"KLWB",62
"KBPT",61
"KLNS",61
"KRHV",61
"NSTU",61
"EDDF",60
"EHAM",58
"KSEE",58
"KNGP",57
"KCDW",56
"PGRO",56
"KPAH",55
"KYNG",55
"U42",55
"WSSS",55
"KEAU",54
"KSMX",54
"MHLM",54
"MMPR",54
"PAOT",54
"KDBQ",53
"KEKO",53
"KHUM",53
"KBVY",52
"KMKG",52
"KTOA",52
"RJBB",52
"CYUL",51
"KCRQ",51
"KMGW",51
"MUHA",51
"RIGG",51
"KDHN",50
"KLEB",50
"KSDL",50
"MTPP",50
"KBKX",49
"KLCH",49
"KCOE",48
"KFDK",48
"KOXC",48
"KPGV",48
"RKSI",48
"KANE",47
"KGEU",47
"KSUN",47
"KAUG",46
"KCXY",46
"KLPR",46
"KPWA",46
"KRYY",46
"KSAW",46
"KWWD",46
"PAKT",46
"VABB",46
"KAEX",45
"KHST",45
"KPMP",45
"KSBY",45
"KVLD",45
"WMKK",45
"CYYC",44
"KFLO",44
"KGTU",44
"KPIH",44
"LIMC",44
"SEGU",44
"KCXO",43
"KLBE",43
"KOMN",43
"LIRF",43
"MYNN",43
"KDEC",42
"KFOK",42
"KHLN",42
"KIPT",42
"KLAW",42
"KLBL",42
"KMCC",42
"PHDH",42
"KCFO",41
"KGCC",41
"KJEF",41
"KSDM",41
"KSLI",41
"LEBL",41
"ESMS",40
"KARR",40
"KEMT",40
"KSTC",40
"MGGT",40
"KBKV",39
"KFMH",39
"KOWB",39
"MMSD",39
"RPLB",39
"KCGI",38
"KGRK",38
"KINT",38
"KJST",38
"KMIC",38
"KPOU",38
"KASH",37
"KRIV",37
"KRBD",36
"KROW",36
"KSMO",36
"KSUA",36
"S50",36
"KART",35
"KAWO",35
"KCHD",35
"KFUL",35
"KGUC",35
"KLZU",35
"KMQS",35
"KNQA",35
"KPBG",35
"KTXK",35
"TXKF",35
"KGCK",34
"KJVL",34
"KJYO",34
"KTIX",34
"KVCT",34
"PABE",34
"KBQK",33
"KNUQ",33
"KOGD",33
"KTTD",33
"PADU",33
"1G0",32
"1G3",32
"KDET",32
"KGXY",32
"KJHW",32
"KMCW",32
"KOWD",32
"MWCR",32
"RCTP",32
"VHHH",32
"ZBAA",32
"KLEE",31
"KMWC",31
"PHKO",31
"SBGR",31
"VVTS",31
"KBAZ",30
"KCDC",30
"KGCN",30
"KHHR",30
"KRAL",30
"KRIW",30
"KSLN",30
"KTYQ",30
"PTPN",30
"SCEL",30
"KBBG",29
"KHTO",29
"KIMT",29
"KJZI",29
"KVCV",29
"RJAA",29
"RJTT",29
"EBBR",28
"KJWN",28
"KPLN",28
"PAEN",28
"TNCA",28
"KACV",27
"KALS",27
"KESN",27
"KGMU",27
"KMDH",27
"KMIV",27
"KRIL",27
"KSHR",27
"VTBS",27
"KBVO",26
"KCMX",26
"KPKB",26
"KSLK",26
"KSPG",26
"KTCL",26
"KTME",26
"KARB",25
"KBFF",25
"KCIC",25
"KDMA",25
"KGLS",25
"KIFP",25
"KJKA",25
"KLWM",25
"KRHI",25
"KRUT",25
"PAKW",25
"PALH",25
"TJMZ",25
"KBMG",24
"KBVS",24
"KDTN",24
"KFTG",24
"KOLM",24
"KPMD",24
"LIPZ",24
"PADL",24
"KALN",23
"KALW",23
"KDUJ",23
"KESC",23
"KMDD",23
"KWYS",23
"MDPP",23
"MMLO",23
"TLPL",23
"CYOW",22
"KAOO",22
"KBKW",22
"KHYI",22
"KMKT",22
"KPQI",22
"KRYN",22
"KTIW",22
"KTZR",22
"MBPV",22
"TGPY",22
"3CK",21
"KENW",21
"KHQZ",21
"KLUL",21
"KMCK",21
"KMHV",21
"KRNM",21
"KSBM",21
"LOWW",21
"MZBZ",21
"VTBD",21
"KBRD",20
"KCEF",20
"KCRE",20
"KHON",20
"KJNX",20
"KMOD",20
"KPVC",20
"KRME",20
"KSSI",20
"KTUP",20
"KWVI",20
"MMQT",20
"KATY",19
"KCOD",19
"KFDY",19
"KFOD",19
"KHAO",19
"KNYL",19
"KROG",19
"KSNS",19
"KWAL",19
"KWST",19
"MMTO",19
"PAMR",19
"PVT",19
"SBKP",19
"SKCL",19
"KARA",18
"KCYS",18
"KFYV",18
"KGFL",18
"KLGU",18
"KLOZ",18
"KVNC",18
"MMCZ",18
"PABR",18
"SBGL",18
"SVMI",18
"UAAA",18
"X59",18
"KASX",17
"KBJI",17
"KCEC",17
"KCWF",17
"KHKS",17
"KJXN",17
"KLVN",17
"KOLV",17
"KWHP",17
"LLBG",17
"PAYA",17
"TBPB",17
"ZGSZ",17
"CO80",16
"CO90",16
"CYMX",16
"EGKK",16
"KADM",16
"KAPN",16
"KAST",16
"KBDN",16
"KBLM",16
"KDED",16
"KEBG",16
"KFHR",16
"KISO",16
"KMBT",16
"KMGJ",16
"KMQJ",16
"KREI",16
"KSSF",16
"KVEL",16
"KVGT",16
"MKJP",16
"MYGF",16
"CYHM",15
"CYWG",15
"KAAO",15
"KBVI",15
"KCLM",15
"KDRT",15
"KDTS",15
"KEEN",15
"KFFC",15
"KHUT",15
"KHYS",15
"KLOM",15
"KMKL",15
"KOSH",15
"KPIB",15
"KRKD",15
"KSFZ",15
"KTVF",15
"KTVY",15
"KUAO",15
"LSZH",15
"PACD",15
"EGCC",14
"EGSS",14
"KAHN",14
"KASW",14
"KBID",14
"KBIV",14
"KFHU",14
"KFKL",14
"KGAO",14
"KGVT",14
"KHEG",14
"KHOT",14
"KIWD",14
"KJVY",14
"KLWC",14
"KMEI",14
"KMER",14
"KMKY",14
"KNGU",14
"KSFF",14
"KTRK",14
"KTVL",14
"KVIS",14
"MHTG",14
"PAOM",14
"PASC",14
"PGWT",14
"TKPK",14
"CYEG",13
"EDDM",13
"KBEH",13
"KFMN",13
"KGLH",13
"KHIB",13
"KIKV",13
"KIRK",13
"KLAR",13
"KLDJ",13
"KLOT",13
"KMRB",13
"KOGS",13
"KPHN",13
"KSFM",13
"KSHD",13
"KSPS",13
"KVLL",13
"PAWG",13
"SKRG",13
"TTPP",13
"KBWG",12
"KGYH",12
"KHKY",12
"KLXT",12
"KMGY",12
"KPVG",12
"KPYM",12
"KRCM",12
"LFSB",12
"LGAV",12
"MMAS",12
"PTYA",12
"RPLL",12
"SUMU",12
"SVMC",12
"TAPA",12
"TJPS",12
"WIII",12
"YSSY",12
"45LA",11
"DNMM",11
"EINN",11
"FAOR",11
"KADW",11
"KAFJ",11
"KAUO",11
"KAVQ",11
"KGGW",11
"KGSH",11
"KHSA",11
"KIAB",11
"KILE",11
"KLNA",11
"KMTO",11
"KSGT",11
"KUUU",11
"MMMZ",11
"SKBQ",11
"TNCC",11
"KBFD",10
"KCNY",10
"KDVO",10
"KETB",10
"KEXX",10
"KGED",10
"KIGQ",10
"KJMS",10
"KMCE",10
"KMYV",10
"KORS",10
"KPDT",10
"KPSF",10
"KRAC",10
"KSCH",10
"KSEF",10
"KSNY",10
"KSUT",10
"KTRM",10
"KUCA",10
"KUMP",10
"OMDB",10
"TNCM",10
"VVNB",10
"65NJ",9
"F45",9
"KARW",9
"KCIU",9
"KCQX",9
"KEAR",9
"KEKA",9
"KEQY",9
"KGAI",9
"KGGE",9
"KGIF",9
"KHMT",9
"KHRO",9
"KHVR",9
"KLNN",9
"KLNQ",9
"KMSL",9
"KOBE",9
"KOFK",9
"KONZ",9
"KSGS",9
"KTEX",9
"KUKI",9
"LEVC",9
"MHPR",9
"MMAA",9
"PAGS",9
"PKMJ",9
"SKCG",9
"2W6",8
"4B8",8
"5KE",8
"6N5",8
"9G0",8
"EGBB",8
"EIDW",8
"EKCH",8
"ETAR",8
"KAIA",8
"KAUM",8
"KAXN",8
"KBVU",8
"KCKN",8
"KCLS",8
"KDIJ",8
"KDKX",8
"KDVL",8
"KEDC",8
"KFCI",8
"KFHB",8
"KHAF",8
"KHWY",8
"KIOW",8
"KLHZ",8
"KLRO",8
"KMBL",8
"KMIE",8
"KMMV",8
"KMSS",8
"KMTC",8
"KMVN",8
"KOKV",8
"KOXB",8
"KPCW",8
"KPNC",8
"KRNV",8
"KRSN",8
"KSGH",8
"KSPA",8
"KUZA",8
"KVUO",8
"KXLL",8
"PACV",8
"PAKU",8
"PAPG",8
"PASD",8
"PHHN",8
"PHLU",8
"Z41",8
"33N",7
"3S8",7
"6B6",7
"7LS3",7
"A29",7
"CYKF",7
"EDDT",7
"EGNX",7
"H2O",7
"KAUW",7
"KAXH",7
"KBRL",7
"KBUY",7
"KBWD",7
"KCCO",7
"KCEW",7
"KCEZ",7
"KCOI",7
"KDYB",7
"KEKY",7
"KEUL",7
"KFLY",7
"KGBD",7
"KGVL",7
"KHDC",7
"KHLG",7
"KHQM",7
"KLBX",7
"KMCD",7
"KMQI",7
"KNIP",7
"KPGA",7
"KRLD",7
"KRMN",7
"KRWI",7
"KSEZ",7
"KSOP",7
"KSRR",7
"KSVC",7
"KTBN",7
"KUNI",7
"KUTA",7
"KVCB",7
"KVDF",7
"LERT",7
"LFPO",7
"LHBP",7
"MMCU",7
"MUVR",7
"O69",7
"P08",7
"PAHO",7
"RCKH",7
"RJNA",7
"S43",7
"SVVA",7
"TJIG",7
"TLPC",7
"TUPJ",7
"X26",7
"X51",7
"1B1",6
"26N",6
"2G2",6
"EBLG",6
"EDDL",6
"I68",6
"K15",6
"KADF",6
"KAEG",6
"KAID",6
"KAIZ",6
"KANJ",6
"KAUN",6
"KBDH",6
"KBXM",6
"KCDR",6
"KCNM",6
"KCNW",6
"KCUB",6
"KCVO",6
"KDDC",6
"KDLZ",6
"KDMW",6
"KDOV",6
"KEGV",6
"KEKM",6
"KEYE",6
"KFCH",6
"KFLD",6
"KFME",6
"KGPZ",6
"KGYI",6
"KHNB",6
"KHOB",6
"KHSD",6
"KHZY",6
"KINL",6
"KJBR",6
"KKLS",6
"KLCI",6
"KLEW",6
"KLMO",6
"KMAI",6
"KMCX",6
"KMML",6
"KMOP",6
"KMQT",6
"KMRH",6
"KMWK",6
"KNKT",6
"KOKM",6
"KOZW",6
"KPCM",6
"KPUJ",6
"KRFI",6
"KRKP",6
"KRKS",6
"KRMG",6
"KSGU",6
"KSKY",6
"KSMD",6
"KSOW",6
"KSRC",6
"KSVH",6
"KTBR",6
"KTCY",6
"KUDD",6
"KUKF",6
"KUVA",6
"KWVL",6
"LICZ",6
"MD71",6
"N51",6
"NZAA",6
"PAKI",6
"PAKN",6
"SLVR",6
"SPIM",6
"TQPF",6
"Y31",6
"07FA",5
"28J",5
"4G4",5
"5B2",5
"5C1",5
"7D5",5
"7LS4",5
"CYHZ",5
"CYXU",5
"E45",5
"EDDS",5
"EGGW",5
"EGPK",5
"EPWA",5
"ESSA",5
"I69",5
"KBEC",5
"KBJJ",5
"KBOW",5
"KBTM",5
"KBYI",5
"KCEU",5
"KCJR",5
"KCTY",5
"KCVC",5
"KDAN",5
"KDZB",5
"KEDE",5
"KEZS",5
"KGAF",5
"KGAS",5
"KGBG",5
"KGHG",5
"KGLE",5
"KGOK",5
"KGPM",5
"KGVQ",5
"KGWB",5
"KHEZ",5
"KHYR",5
"KIDP",5
"KIGM",5
"KIPL",5
"KIWS",5
"KJMR",5
"KLDM",5
"KLGC",5
"KLGF",5
"KLHM",5
"KLWA",5
"KMAC",5
"KMBO",5
"KMCB",5
"KMCF",5
"KMJX",5
"KMLE",5
"KMNE",5
"KMPV",5
"KMSV",5
"KMTP",5
"KMTV",5
"KMWL",5
"KNBG",5
"KNTD",5
"KPCZ",5
"KPHK",5
"KPLU",5
"KPOF",5
"KPSO",5
"KRCR",5
"KRUQ",5
"KSDY",5
"KSER",5
"KSNL",5
"KSZT",5
"KTOP",5
"KTPF",5
"KTTS",5
"KVAY",5
"KVPZ",5
"KXNX",5
"MDLR",5
"MHRO",5
"MMZC",5
"MPHO",5
"MYSM",5
"N57",5
"O22",5
"PACK",5
"PASX",5
"PJON",5
"PLPA",5
"PTRO",5
"RKSS",5
"SMJP",5
"SYCJ",5
"TDPD",5
"X06",5
"06FA",4
"0LA7",4
"12N",4
"1G4",4
"1O2",4
"2I0",4
"2LS0",4
"3MY",4
"4D0",4
"4MS6",4
"4V1",4
"50R",4
"6D6",4
"6J0",4
"6R3",4
"7B2",4
"7M3",4
"C29",4
"CKU",4
"CYXE",4
"CYYJ",4
"EDDP",4
"EGPH",4
"EGTO",4
"F72",4
"GOOY",4
"HDAM",4
"HECA",4
"KAEL",4
"KANB",4
"KAND",4
"KANQ",4
"KASG",4
"KBIH",4
"KBTF",4
"KBTN",4
"KCBF",4
"KCDI",4
"KCGZ",4
"KCLI",4
"KCQF",4
"KCTJ",4
"KDLL",4
"KEHO",4
"KEHR",4
"KELY",4
"KEOK",4
"KESF",4
"KEVW",4
"KEWK",4
"KEZM",4
"KFFM",4
"KFWQ",4
"KFYJ",4
"KGCM",4
"KGEV",4
"KGLW",4
"KGOO",4
"KGPH",4
"KHIG",4
"KIGX",4
"KIKK",4
"KIMS",4
"KIYA",4
"KJGG",4
"KLCQ",4
"KLKU",4
"KMDQ",4
"KMLC",4
"KMMK",4
"KMNM",4
"KMTW",4
"KMZJ",4
"KODO",4
"KOLF",4
"KOLS",4
"KONO",4
"KONP",4
"KOZS",4
"KPAN",4
"KPJC",4
"KPKD",4
"KPSN",4
"KPWT",4
"KRNP",4
"KRRT",4
"KSBS",4
"KSEP",4
"KSKX",4
"KSMS",4
"KSPK",4
"KSUU",4
"KSUW",4
"KSUZ",4
"KSXL",4
"KTDZ",4
"KTIP",4
"KTOI",4
"KTPL",4
"KTTA",4
"KUBS",4
"KVBT",4
"KVGC",4
"KVTA",4
"KWBW",4
"KWRI",4
"KZPH",4
"LBSF",4
"LKPR",4
"LTFM",4
"M17",4
"MKBS",4
"MMOX",4
"MMSM",4
"MMTC",4
"MYEH",4
"OETN",4
"OR81",4
"P19",4
"PAEM",4
"PAFE",4
"PAGA",4
"PAGY",4
"PKWA",4
"VOBL",4
"W00",4
"X50",4
"ZHCC",4
"08C",3
"0B8",3
"12Y",3
"15TE",3
"1I9",3
"1TT8",3
"2B7",3
"2IS",3
"3A2",3
"3G3",3
"3I2",3
"3J7",3
"3W2",3
"48A",3
"4A7",3
"4B0",3
"4G7",3
"4N1",3
"60R",3
"66R",3
"77MI",3
"7A5",3
"7FL6",3
"87Y",3
"9B1",3
"9D4",3
"AK28",3
"C35",3
"C56",3
"CYQX",3
"D25",3
"D68",3
"E38",3
"EFHK",3
"EGBJ",3
"EGJB",3
"F31",3
"F44",3
"FACT",3
"H68",3
"H71",3
"HKLU",3
"I18",3
"I19",3
"I40",3
"KACZ",3
"KADG",3
"KAKR",3
"KAMN",3
"KANP",3
"KAOH",3
"KAVC",3
"KBDG",3
"KBDU",3
"KBKT",3
"KBML",3
"KBPI",3
"KBTA",3
"KBXK",3
"KCBE",3
"KCBK",3
"KCDH",3
"KCFJ",3
"KCGE",3
"KCKI",3
"KCKP",3
"KCOF",3
"KCWC",3
"KCXP",3
"KDKB",3
"KDQH",3
"KDRM",3
"KDUA",3
"KDUG",3
"KEDW",3
"KENV",3
"KEOS",3
"KERV",3
"KFAM",3
"KFBL",3
"KFET",3
"KFFA",3
"KFGU",3
"KFLP",3
"KFRM",3
"KFVX",3
"KFZI",3
"KFZY",3
"KGDB",3
"KGDJ",3
"KGHM",3
"KGLD",3
"KGLR",3
"KGUY",3
"KHBV",3
"KHFY",3
"KHND",3
"KHQU",3
"KHYW",3
"KIRS",3
"KITR",3
"KLNC",3
"KLRU",3
"KLRY",3
"KLVJ",3
"KMFI",3
"KMGE",3
"KMHE",3
"KMKS",3
"KMLS",3
"KMMH",3
"KMPO",3
"KNZY",3
"KOFP",3
"KOPL",3
"KOPN",3
"KOQN",3
"KORK",3
"KOTM",3
"KPBX",3
"KPLB",3
"KPLD",3
"KPOV",3
"KPPO",3
"KPTD",3
"KPTN",3
"KRCE",3
"KRPH",3
"KRTS",3
"KSFQ",3
"KSIF",3
"KSIK",3
"KSJS",3
"KSJX",3
"KSKF",3
"KSME",3
"KSPB",3
"KSPW",3
"KSRB",3
"KSRE",3
"KSSQ",3
"KSTF",3
"KSXU",3
"KSYM",3
"KTAN",3
"KTHA",3
"KTMK",3
"KTNT",3
"KTSO",3
"KTVI",3
"KULM",3
"KUNO",3
"KUTS",3
"KVMR",3
"KWDG",3
"KWJF",3
"KWLW",3
"KYKN",3
"KZZV",3
"L45",3
"LFMN",3
"LIPH",3
"LIRA",3
"LPPT",3
"LSGG",3
"LTAG",3
"LTBA",3
"M34",3
"MMMG",3
"MMSP",3
"MMTL",3
"MMVR",3
"MMZH",3
"MUSC",3
"MYBS",3
"MYEF",3
"N07",3
"N87",3
"NY22",3
"OAIX",3
"OBBI",3
"P10",3
"P72",3
"PADK",3
"PWAK",3
"RKJK",3
"S24",3
"SEQM",3
"SEQU",3
"SKPE",3
"TVSA",3
"UBBB",3
"W29",3
"W78",3
"X21",3
"X35",3
"X60",3
"Y55",3
"ZBTJ",3
"00C",2
"02C",2
"04W",2
"05C",2
"06A",2
"0A9",2
"0G6",2
"0IL1",2
"0V4",2
"12V",2
"1A5",2
"1AZ0",2
"1B9",2
"1F0",2
"1H0",2
"1H2",2
"1KY4",2
"1M9",2
"1Q5",2
"1R4",2
"1R8",2
"1S9",2
"20N",2
"23S",2
"28NJ",2
"2A0",2
"2A5",2
"2F0",2
"2G4",2
"2J8",2
"2M8",2
"2R4",2
"32S",2
"35A",2
"35D",2
"38TE",2
"39N",2
"3B0",2
"3CM",2
"3EX",2
"3FD1",2
"3GV",2
"3LF",2
"3R9",2
"3T3",2
"42A",2
"42J",2
"46N",2
"49A",2
"4I3",2
"4LA4",2
"4R9",2
"4S1",2
"50D",2
"50F",2
"56S",2
"57AZ",2
"58KY",2
"59B",2
"5B6",2
"5FL7",2
"5T6",2
"5T9",2
"5TX7",2
"600000",2
"63C",2
"65G",2
"6PA6",2
"71J",2
"74TX",2
"7A3",2
"7G8",2
"7S3",2
"7S5",2
"83D",2
"89D",2
"8A1",2
"8B8",2
"8LA1",2
"8S4",2
"8W2",2
"99CL",2
"9G2",2
"A39",2
"A63",2
"AZ75",2
"C09",2
"CYQA",2
"CYQB",2
"CYQG",2
"CYQT",2
"CYSB",2
"CYSN",2
"CYWH",2
"D00",2
"D38",2
"D73",2
"D95",2
"E16",2
"E63",2
"E70",2
"E91",2
"E95",2
"EBOS",2
"EDFH",2
"EGHI",2
"EGJJ",2
"ELLX",2
"F35",2
"F70",2
"FA40",2
"FA54",2
"FL59",2
"GA04",2
"GMME",2
"H34",2
"HKJK",2
"I23",2
"K68",2
"KAAF",2
"KACB",2
"KAFP",2
"KAIK",2
"KAIT",2
"KALX",2
"KARV",2
"KASD",2
"KASJ",2
"KAXV",2
"KB19",2
"KBAX",2
"KBBW",2
"KBCB",2
"KBFR",2
"KBGD",2
"KBHC",2
"KBIF",2
"KBIJ",2
"KBKN",2
"KBKS",2
"KBMC",2
"KBMQ",2
"KBWC",2
"KCEV",2
"KCFD",2
"KCGC",2
"KCGS",2
"KCHK",2
"KCHN",2
"KCHT",2
"KCMR",2
"KCNH",2
"KCNI",2
"KCPK",2
"KCRS",2
"KCSV",2
"KCUT",2
"KCVX",2
"KCYO",2
"KDAW",2
"KDBN",2
"KDKK",2
"KDLS",2
"KDMN",2
"KDNL",2
"KDTL",2
"KDUH",2
"KDYL",2
"KEIK",2
"KEKS",2
"KELA",2
"KEST",2
"KEVY",2
"KEZF",2
"KFDW",2
"KFES",2
"KFIT",2
"KFLV",2
"KFOT",2
"KFPK",2
"KFRH",2
"KFSO",2
"KFYG",2
"KFYM",2
"KGDV",2
"KGEO",2
"KGKJ",2
"KGNT",2
"KGTB",2
"KGWO",2
"KHBZ",2
"KHCD",2
"KHDO",2
"KHFJ",2
"KHNZ",2
"KHRF",2
"KHRJ",2
"KHSB",2
"KHUA",2
"KHWV",2
"KIDI",2
"KIFA",2
"KIJD",2
"KIKG",2
"KIMM",2
"KINF",2
"KIWH",2
"KJAS",2
"KJFX",2
"KJRA",2
"KJVW",2
"KJZP",2
"KLBO",2
"KLBT",2
"KLFK",2
"KLGD",2
"KLHX",2
"KLKR",2
"KLLR",2
"KLNL",2
"KLNP",2
"KLRJ",2
"KLSN",2
"KLUG",2
"KLVS",2
"KMEV",2
"KMEZ",2
"KMIW",2
"KMLJ",2
"KMUI",2
"KMXO",2
"KNHK",2
"KNVD",2
"KOBI",2
"KOCW",2
"KOEO",2
"KONL",2
"KONX",2
"KOWA",2
"KPBH",2
"KPEA",2
"KPEQ",2
"KPHT",2
"KPJY",2
"KPLK",2
"KPMH",2
"KPNM",2
"KPPQ",2
"KPRB",2
"KPTB",2
"KPTW",2
"KPWC",2
"KPWG",2
"KPXE",2
"KRBG",2
"KRBL",2
"KRBW",2
"KRED",2
"KRMY",2
"KRNH",2
"KROS",2
"KRPB",2
"KRPD",2
"KRQB",2
"KRQO",2
"KRUE",2
"KRWF",2
"KRYW",2
"KRZL",2
"KSAR",2
"KSBO",2
"KSET",2
"KSNC",2
"KSNK",2
"KSPZ",2
"KSTE",2
"KSUE",2
"KSVE",2
"KSVN",2
"KTDF",2
"KTDW",2
"KTKV",2
"KTKX",2
"KTTF",2
"KUBX",2
"KUCY",2
"KUOS",2
"KUOX",2
"KUUV",2
"KUYF",2
"KVIH",2
"KVKX",2
"KVSF",2
"KVTI",2
"KVTN",2
"KWDR",2
"KWRL",2
"KXBP",2
"KXMR",2
"KZER",2
"L35",2
"L38",2
"LA09",2
"LBBG",2
"LFCO",2
"LIRN",2
"LL22",2
"LRCK",2
"LS99",2
"M01",2
"M05",2
"M54",2
"M83",2
"MMBT",2
"MMGM",2
"MMHO",2
"MMLM",2
"MMMD",2
"MMPB",2
"MUGM",2
"MUHG",2
"N14",2
"N40",2
"N66",2
"NC92",2
"NE41",2
"NTAA",2
"NY0",2
"O03",2
"O41",2
"O88",2
"OAKB",2
"OMSJ",2
"P52",2
"PACM",2
"PAGM",2
"PALP",2
"PANI",2
"PAOH",2
"PAOO",2
"PAPB",2
"PASK",2
"PASY",2
"PAVD",2
"PCUW",2
"PHMU",2
"PHPA",2
"RJCC",2
"RPVM",2
"S21",2
"S83",2
"SABE",2
"SBPA",2
"SGES",2
"T67",2
"U14",2
"UCFM",2
"UUEE",2
"W24",2
"W28",2
"W32",2
"W40",2
"W48",2
"W91",2
"W96",2
"X14",2
"X39",2
"Y70",2
"ZHEC",2
"ZSQD",2
"ZUUU",2
"00M",1
"00OI",1
"01G",1
"02A",1
"06D",1
"06N",1
"07F",1
"09J",1
"09LA",1
"09N",1
"09R",1
"0A8",1
"0C5",1
"0I8",1
"0M5",1
"0MSO",1
"0NC4",1
"0PS2",1
"0Q4",1
"0Q5",1
"0S9",1
"0TN8",1
"0TX1",1
"0V6",1
"0V7",1
"11A",1
"12D",1
"12NR",1
"14G",1
"15CA",1
"16G",1
"17N",1
"17XS",1
"18GA",1
"19N",1
"1B2",1
"1C5",1
"1C9",1
"1F4",1
"1F5",1
"1GA0",1
"1I5",1
"1J9",1
"1KY5",1
"1MA2",1
"1MO3",1
"1N7",1
"1O3",1
"1O6",1
"1S6",1
"1T7",1
"1TE6",1
"1U7",1
"1V0",1
"1V6",1
"1W1",1
"20E",1
"20V",1
"21D",1
"24J",1
"24LA",1
"24VA",1
"25D",1
"26A",1
"29D",1
"29KS",1
"2B2",1
"2G1",1
"2J9",1
"2LA0",1
"2MO",1
"2MO1",1
"2MU1",1
"2N8",1
"2O1",1
"2O3",1
"2R2",1
"2R9",1
"2S1",1
"2TA8",1
"2W2",1
"2W5",1
"2WA1",1
"31E",1
"32GA",1
"33R",1
"33V",1
"34VA",1
"35ME",1
"36U",1
"36VA",1
"37KY",1
"38FL",1
"38WA",1
"39VA",1
"3A4",1
"3AU",1
"3CL0",1
"3D2",1
"3DA",1
"3DW",1
"3F7",1
"3FA2",1
"3FL0",1
"3FU",1
"3G9",1
"3IA6",1
"3J1",1
"3M9",1
"3MI2",1
"3N6",1
"3NJ6",1
"3O1",1
"3R7",1
"3S7",1
"3T0",1
"3T5",1
"3T7",1
"3TR",1
"3UT6",1
"3VA3",1
"3W3",1
"3W8",1
"3W9",1
"3XS2",1
"40G",1
"41AZ",1
"41C",1
"42B",1
"42PN",1
"44G",1
"44N",1
"45FA",1
"46MO",1
"46U",1
"48D",1
"48X",1
"49B",1
"4A2",1
"4A6",1
"4AC",1
"4B6",1
"4CA0",1
"4D1",1
"4F2",1
"4FL1",1
"4G1",1
"4I9",1
"4IA2",1
"4KY7",1
"4LA6",1
"4M1",1
"4M3",1
"4M7",1
"4M9",1
"4O4",1
"4OK3",1
"4R5",1
"4TN4",1
"4V0",1
"4WI0",1
"4WI9",1
"4XA6",1
"50NR",1
"50VA",1
"51R",1
"52A",1
"52J",1
"53OI",1
"54J",1
"55Y",1
"57B",1
"57C",1
"57D",1
"57Y",1
"59XS",1
"5A1",1
"5C8",1
"5G0",1
"5G8",1
"5KY3",1
"5LA4",1
"5PA5",1
"5R8",1
"5TS9",1
"5TX0",1
"5W5",1
"60F",1
"60J",1
"61C",1
"61FL",1
"61S",1
"64OG",1
"66TE",1
"66Y",1
"67S",1
"6A1",1
"6A2",1
"6B0",1
"6B9",1
"6D9",1
"6FL0",1
"6G5",1
"6J4",1
"6K5",1
"6L4",1
"6M2",1
"6OI8",1
"6R1",1
"6S8",1
"6Y8",1
"70N",1
"70S",1
"72F",1
"72VA",1
"74S",1
"75MO",1
"77S",1
"78NC",1
"79J",1
"79KY",1
"7AK4",1
"7D6",1
"7F3",1
"7I2",1
"7LS1",1
"7M4",1
"7M6",1
"7MI3",1
"7V2",1
"7W4",1
"7WI3",1
"80D",1
"81B",1
"81OK",1
"82J",1
"82OH",1
"82TX",1
"82WN",1
"84D",1
"87I",1
"87MO",1
"88R",1
"8A3",1
"8A4",1
"8A6",1
"8D4",1
"8D7",1
"8F5",1
"8S1",1
"8TN7",1
"8U2",1
"90WA",1
"98D",1
"99Y",1
"9A7",1
"9CA2",1
"9D1",1
"9D2",1
"9D9",1
"9G5",1
"9N1",1
"9NC1",1
"9TA7",1
"9V9",1
"9WI8",1
"9Z4",1
"A08",1
"AR09",1
"AR62",1
"AZ89",1
"B06",1
"BKPR",1
"C20",1
"C43",1
"C47",1
"C62",1
"C65",1
"C66",1
"C77",1
"C81",1
"C83",1
"C91",1
"CA20",1
"CA51",1
"CA52",1
"CA92",1
"CAP3",1
"CEX3",1
"CL33",1
"CL35",1
"CN52",1
"CO49",1
"CT60",1
"CYAG",1
"CYBR",1
"CYCD",1
"CYET",1
"CYGW",1
"CYHU",1
"CYJT",1
"CYKZ",1
"CYQR",1
"CYSG",1
"CYYR",1
"CYYT",1
"CZBB",1
"D09",1
"D56",1
"D60",1
"D80",1
"D98",1
"DAAG",1
"DIAP",1
"E11",1
"E25",1
"E27",1
"E60",1
"EDDN",1
"EGAA",1
"EGBE",1
"EGBP",1
"EGDL",1
"EGGD",1
"EGJA",1
"EGKA",1
"EGKB",1
"EGLF",1
"EGLK",1
"EGLS",1
"EGMD",1
"EGNJ",1
"EGPE",1
"EGSX",1
"EGUL",1
"ENFB",1
"ENGM",1
"EPLB",1
"F05",1
"F10",1
"F17",1
"F46",1
"F62",1
"F87",1
"F99",1
"FA1",1
"FA38",1
"FA61",1
"FA81",1
"FA83",1
"FEFB",1
"FL17",1
"FWKI",1
"G05",1
"GA20",1
"H75",1
"H81",1
"H88",1
"HI01",1
"HKHO",1
"HRYR",1
"I39",1
"I41",1
"I42",1
"I62",1
"I64",1
"I74",1
"I95",1
"IA24",1
"IA66",1
"IA82",1
"JY17",1
"K24",1
"K33",1
"K38",1
"K81",1
"KAAA",1
"KACJ",1
"KACQ",1
"KADC",1
"KADH",1
"KAGO",1
"KAJR",1
"KAKH",1
"KAMW",1
"KAPT",1
"KAQO",1
"KAQR",1
"KARM",1
"KASL",1
"KASN",1
"KATA",1
"KAWM",1
"KAXQ",1
"KAZE",1
"KB10",1
"KBAD",1
"KBBD",1
"KBBP",1
"KBDE",1
"KBGE",1
"KBKF",1
"KBMT",1
"KBNG",1
"KBNO",1
"KBPK",1
"KBQR",1
"KBRG",1
"KBST",1
"KBTP",1
"KBUB",1
"KBUU",1
"KBVX",1
"KBXA",1
"KBYH",1
"KBYY",1
"KCAD",1
"KCAG",1
"KCAO",1
"KCCB",1
"KCDA",1
"KCDK",1
"KCEK",1
"KCKV",1
"KCKZ",1
"KCMD",1
"KCON",1
"KCOQ",1
"KCPM",1
"KCPT",1
"KCRZ",1
"KCTB",1
"KCVH",1
"KCWS",1
"KCWV",1
"KCXW",1
"KCYW",1
"KDAG",1
"KDCU",1
"KDEW",1
"KDFI",1
"KDGW",1
"KDLO",1
"KDNA",1
"KDNS",1
"KDNV",1
"KDRI",1
"KDUC",1
"KDVN",1
"KDWA",1
"KDWU",1
"KDWX",1
"KDXE",1
"KDYA",1
"KDYR",1
"KDYT",1
"KEDN",1
"KEDU",1
"KEHA",1
"KEKX",1
"KELD",1
"KEOP",1
"KEPH",1
"KEPM",1
"KEQA",1
"KERR",1
"KEUF",1
"KFFO",1
"KFKN",1
"KFNB",1
"KFOM",1
"KFOZ",1
"KFWB",1
"KFWN",1
"KFZG",1
"KGAD",1
"KGBR",1
"KGCD",1
"KGEZ",1
"KGHW",1
"KGIC",1
"KGKT",1
"KGLY",1
"KGMJ",1
"KGNF",1
"KGRD",1
"KGTE",1
"KGTG",1
"KGUP",1
"KGUS",1
"KGVW",1
"KGWR",1
"KGYL",1
"KGZS",1
"KHAI",1
"KHBG",1
"KHHW",1
"KHIE",1
"KHIF",1
"KHII",1
"KHOC",1
"KHRT",1
"KHVC",1
"KHZD",1
"KIBM",1
"KICL",1
"KICR",1
"KIEN",1
"KIJX",1
"KIKW",1
"KILL",1
"KIPJ",1
"KISQ",1
"KISW",1
"KISZ",1
"KIZG",1
"KJCA",1
"KJER",1
"KJES",1
"KJKL",1
"KJRB",1
"KJSO",1
"KJSY",1
"KJWY",1
"KJXI",1
"KJYG",1
"KJYL",1
"KKIC",1
"KLAA",1
"KLCG",1
"KLFI",1
"KLHQ",1
"KLJF",1
"KLLQ",1
"KLMS",1
"KLND",1
"KLNR",1
"KLQK",1
"KLUA",1
"KLVM",1
"KLWD",1
"KLWL",1
"KLZD",1
"KMAN",1
"KMCZ",1
"KMEB",1
"KMGC",1
"KMGN",1
"KMGR",1
"KMHL",1
"KMIB",1
"KMIT",1
"KMKN",1
"KMKO",1
"KMLF",1
"KMMI",1
"KMNN",1
"KMPZ",1
"KMQB",1
"KMRC",1
"KMRJ",1
"KMUT",1
"KMVC",1
"KMWO",1
"KMYL",1
"KMZZ",1
"KNBC",1
"KNFW",1
"KNOW",1
"KNTU",1
"KNUC",1
"KNYG",1
"KOAR",1
"KOEB",1
"KOGB",1
"KOIC",1
"KOJA",1
"KOKB",1
"KOKH",1
"KOKK",1
"KOLU",1
"KOLY",1
"KOMH",1
"KOMK",1
"KONA",1
"KORB",1
"KORG",1
"KOSA",1
"KOTG",1
"KOXD",1
"KOYM",1
"KPCD",1
"KPEO",1
"KPHP",1
"KPMU",1
"KPPF",1
"KPQL",1
"KPRG",1
"KPRX",1
"KPSK",1
"KPSX",1
"KPTS",1
"KPTT",1
"KPTV",1
"KPVF",1
"KPVJ",1
"KPVW",1
"KRAS",1
"KRBO",1
"KRCZ",1
"KRFG",1
"KRGK",1
"KRID",1
"KRKR",1
"KROX",1
"KRQE",1
"KRRL",1
"KRRQ",1
"KRWL",1
"KRWN",1
"KRXE",1
"KRYV",1
"KRZN",1
"KRZR",1
"KSEG",1
"KSHN",1
"KSKI",1
"KSLH",1
"KSLR",1
"KSMQ",1
"KSOA",1
"KSPH",1
"KSPX",1
"KSQI",1
"KSXK",1
"KSYI",1
"KSZP",1
"KSZY",1
"KTAD",1
"KTCM",1
"KTEL",1
"KTGC",1
"KTGI",1
"KTHV",1
"KTIF",1
"KTKC",1
"KTLR",1
"KTOC",1
"KTPH",1
"KTQK",1
"KTRX",1
"KTSP",1
"KTVR",1
"KTWM",1
"KUCP",1
"KUDG",1
"KUIZ",1
"KUKT",1
"KUNU",1
"KUXL",1
"KVAD",1
"KVBG",1
"KVER",1
"KVJI",1
"KVOK",1
"KVUJ",1
"KWAY",1
"KWLD",1
"KWMC",1
"KWWR",1
"KXSA",1
"KXVG",1
"KY8",1
"L18",1
"L26",1
"L52",1
"L66",1
"L83",1
"LA28",1
"LA66",1
"LEMG",1
"LEZG",1
"LFBO",1
"LGKM",1
"LGMK",1
"LGTS",1
"LIML",1
"LIPA",1
"LIRP",1
"LKTB",1
"LL10",1
"LPAZ",1
"LPLA",1
"LPPR",1
"LQTZ",1
"LROP",1
"LTBJ",1
"M02",1
"M19",1
"M20",1
"M21",1
"M22",1
"M37",1
"M46",1
"M48",1
"M59",1
"M91",1
"M95",1
"MA39",1
"MD24",1
"MD99",1
"MDJB",1
"ME14",1
"ME19",1
"ME79",1
"MI32",1
"MMAN",1
"MMLT",1
"MMMM",1
"MMTM",1
"MN56",1
"MO09",1
"MO28",1
"MO63",1
"MO91",1
"MTCH",1
"MU02",1
"MYAK",1
"MYAM",1
"MYAT",1
"N03",1
"N30",1
"N35",1
"N45",1
"N52",1
"N72",1
"N79",1
"N81",1
"N94",1
"NC14",1
"NC30",1
"NC91",1
"ND23",1
"NFFN",1
"NFNA",1
"NV57",1
"NV74",1
"O07",1
"O08",1
"O09",1
"O28",1
"O43",1
"O52",1
"O60",1
"O85",1
"O86",1
"OEAH",1
"OEDR",1
"OEHL",1
"OEJF",1
"OERK",1
"OERY",1
"OG30",1
"OH77",1
"OI65",1
"OK69",1
"OKBK",1
"OMDW",1
"OPRN",1
"OR96",1
"OTBD",1
"OTE2",1
"OTE4",1
"P03",1
"PABG",1
"PABV",1
"PADY",1
"PAEE",1
"PAEW",1
"PAFB",1
"PAGH",1
"PAGT",1
"PAHL",1
"PAIL",1
"PAKD",1
"PAKF",1
"PAKY",1
"PALU",1
"PAML",1
"PAPH",1
"PAQT",1
"PASN",1
"PASO",1
"PASV",1
"PATK",1
"PAUM",1
"PAUT",1
"PAVA",1
"PAVE",1
"PAWD",1
"PFCL",1
"PFKA",1
"PFNO",1
"PFSH",1
"PGM",1
"PN32",1
"PPDM",1
"PWBB",1
"R47",1
"RJOI",1
"RJTQ",1
"RJTY",1
"RKPK",1
"RKSO",1
"RMPC",1
"RODN",1
"S03",1
"S19",1
"S31",1
"S32",1
"S37",1
"S40",1
"S48",1
"S72",1
"S78",1
"SBBR",1
"SBCF",1
"SBEG",1
"SBRF",1
"SC82",1
"SEMT",1
"SKSP",1
"SLLP",1
"T05",1
"T12",1
"T40",1
"T41",1
"T74",1
"T78",1
"T82",1
"T96",1
"TA37",1
"TA66",1
"TJRV",1
"TKPN",1
"TN44",1
"TN85",1
"TN98",1
"TRPG",1
"TX17",1
"TX2",1
"TX33",1
"TYE",1
"U02",1
"U05",1
"U10",1
"U68",1
"U70",1
"UHHH",1
"UT11",1
"UT25",1
"UT83",1
"UUDD",1
"VI22",1
"VOBG",1
"W04",1
"W13",1
"W22",1
"W39",1
"W50",1
"W55",1
"W99",1
"WA09",1
"WA18",1
"WA46",1
"WMKN",1
"WS35",1
"WS70",1
"WSSL",1
"WV27",1
"WV42",1
"X04",1
"X07",1
"X13",1
"X23",1
"X46",1
"X58",1
"XA14",1
"XA86",1
"XS04",1
"XS40",1
"XS73",1
"XS90",1
"Y14",1
"Y19",1
"Y23",1
"Y50",1
"Y65",1
"Y96",1
"YBBN",1
"YBHM",1
"YMAV",1
"YMML",1
"ZSNB",1
"ZSTX",1
