"SPECIES","n"
"Unknown bird - small",55482
"Unknown bird",40118
"Unknown bird - medium",39519
"Mourning dove",18311
"Barn swallow",11873
"Killdeer",11589
"American kestrel",10648
"Horned lark",10152
"Gulls",7706
"European starling",7132
"Eastern meadowlark",5417
"Rock pigeon",4835
"Red-tailed hawk",4600
"Sparrows",4427
"Unknown bird - large",4032
"Cliff swallow",3787
"Western meadowlark",3066
"American robin",2863
"Ring-billed gull",2562
"American barn owl",2406
"Canada goose",2329
"Herring gull",2291
"Chimney swift",2133
"Perching birds (y)",1962
"Savannah sparrow",1937
"Brazilian free-tailed bat",1879
"Microbats",1877
"Hawks",1761
"Pacific golden-plover",1680
"Swallows",1625
"Mallard",1584
"Common nighthawk",1564
"Doves",1427
"Tree swallow",1420
"White-tailed deer",1397
"Turkey vulture",1377
"Laughing gull",1376
"Blackbirds",1350
"Western cattle egret",1193
"Short-eared owl",1077
"Swainson's thrush",1046
"Yellow-rumped warbler",1036
"Coyote",1007
"Ducks",991
"Bank swallow",975
"Red-winged blackbird",964
"Meadowlarks",950
"Eastern red bat",938
"Striped skunk",938
"White-throated sparrow",859
"American crow",810
"Cedar waxwing",796
"Osprey",769
"Peregrine falcon",707
"Western kingbird",695
"House sparrow",690
"Gray catbird",684
"Great blue heron",681
"Hermit thrush",681
"Bald eagle",621
"Dark-eyed junco",604
"Red-eyed vireo",604
"Song sparrow",600
"Black-tailed jackrabbit",593
"American pipit",577
"Brown-headed cowbird",572
"Zebra dove",568
"Virginia opossum",547
"Burrowing owl",541
"American coot",526
"Little brown bat",513
"White-headed gull complex",510
"Geese",505
"Ruby-crowned kinglet",493
"Scissor-tailed flycatcher",482
"Upland sandpiper",482
"Snow bunting",476
"Great horned owl",474
"Purple martin",466
"Common yellowthroat",465
"Black vulture",444
"New World vultures",441
"Common grackle",437
"Ovenbird",426
"Sandpipers, curlews, phalaropes, allies",426
"Unknown bird or bat",426
"Owls",421
"Egrets",408
"Big brown bat",407
"Vesper bats",400
"Snowy owl",398
"American golden-plover",379
"California gull",377
"Western sandpiper",367
"Least sandpiper",359
"House finch",333
"Wilson's snipe",330
"Red fox",327
"Northern pintail",326
"Chipping sparrow",318
"Black-bellied plover",317
"Hoary bat",304
"Franklin's gull",301
"Spotted dove",295
"Swamp sparrow",295
"American woodcock",291
"White-tailed jackrabbit",290
"Lincoln's sparrow",289
"Merlin",289
"Swainson's hawk",284
"Double-crested cormorant",278
"Palm warbler",274
"Wilson's warbler",274
"American redstart",262
"Northern flicker",258
"Cooper's hawk",255
"Crows",251
"Glaucous-winged gull",247
"Western gull",246
"Yellow warbler",246
"Northern harrier",245
"Eastern cottontail",244
"Yellow-bellied sapsucker",241
"Northern mockingbird",239
"Semipalmated sandpiper",237
"Blackpoll warbler",236
"Tennessee warbler",228
"Sandhill crane",224
"Woodchuck",222
"American goldfinch",219
"Free-tailed bats",217
"Great black-backed gull",215
"Raccoon",215
"Grasshopper sparrow",212
"Snow goose",211
"White-/golden-crown sparrow complex",208
"White-winged dove",205
"Grackles",202
"Great egret",200
"Green-winged teal",194
"Northern rough-winged swallow",190
"Silver-haired bat",189
"Lapland longspur",188
"Yellow bittern",188
"Yellow-billed cuckoo",188
"Black-crowned night heron",187
"Sora",187
"Eurasian skylark",185
"Dunlin",182
"Yellow-crowned night heron",181
"Northern shoveler",180
"Lark bunting",179
"New World wood-warblers",179
"Semipalmated plover",179
"Fox sparrow",178
"White-throated swift",174
"Turtles",171
"Common myna",170
"White-crowned sparrow",170
"Varied thrush",168
"Scaly-breasted munia",166
"Vesper sparrow",166
"Black-and-white warbler",161
"Gadwall",158
"Ducks, geese, swans",154
"Orange-crowned warbler",153
"Red-shouldered hawk",152
"Finches, euphonias",150
"Wild turkey",148
"American wigeon",147
"Evening bat",147
"Northern house wren",147
"Golden-crowned kinglet",146
"Veery",146
"Western tanager",146
"Northern parula",145
"Gopher snake",143
"Wood thrush",143
"Rough-legged hawk",142
"Wood duck",142
"Eastern kingbird",139
"Ruddy duck",139
"Indigo bunting",137
"Blue-gray gnatcatcher",136
"Nashville warbler",133
"Scarlet tanager",130
"Bay-breasted warbler",129
"Northern waterthrush",128
"Blue-winged teal",125
"Western flycatcher",124
"Eurasian collared dove",122
"Cave swallow",120
"Great-tailed grackle",119
"Greater white-fronted goose",119
"Lesser scaup",119
"Munias",119
"Ring-necked pheasant",119
"Black-throated blue warbler",118
"Boat-tailed grackle",118
"Gray-cheeked thrush",118
"Mountain bluebird",118
"Magnolia warbler",117
"Plovers",117
"Desert cottontail",116
"Brewer's blackbird",113
"White-tailed kite",111
"Brown pelican",108
"Warbling vireo",107
"Eastern wood-pewee",105
"American black duck",104
"Black-tailed prairie dog",104
"Buff-breasted sandpiper",101
"Chestnut munia",101
"Eastern phoebe",101
"Vaux's swift",101
"Field sparrow",100
"Common raven",99
"Loggerhead shrike",99
"Bonaparte's gull",98
"Baird's sandpiper",97
"Black-throated green warbler",97
"Diamondback terrapin",95
"Short-billed gull",95
"Alder/willow flycatcher complex",94
"Mule deer",93
"Anhinga",92
"Cape May warbler",92
"Pectoral sandpiper",92
"Ruby-throated hummingbird",92
"Rose-breasted grosbeak",89
"Yellow-breasted chat",89
"Chestnut-sided warbler",88
"Raptors: Hawks, eagles, vultures, kites, osprey, falcons, caracaras",86
"Bobolink",84
"Lark sparrow",84
"Pigeons, doves",83
"Rabbits",83
"Falcons, kestrels, falconets",82
"Ferruginous hawk",80
"Wrens",80
"Brant",78
"Least flycatcher",78
"Common snapping turtle",75
"Marsh wren",75
"Blackburnian warbler",74
"Broad-winged hawk",74
"Great crested flycatcher",74
"Spotted sandpiper",74
"Ring-necked duck",73
"Brewer's sparrow",72
"Brown thrasher",72
"Common ground dove",72
"Mallard/American black duck complex",72
"Herons",71
"Pied-billed grebe",71
"Sharp-shinned hawk",71
"Nine-banded armadillo",70
"Thrushes",70
"Barred owl",69
"Painted turtle",69
"Pine warbler",69
"Snowy egret",69
"Green heron",68
"Blue jay",67
"Violet-green swallow",67
"Baltimore oriole",66
"Dickcissel",66
"American tree sparrow",65
"Green iguana",65
"Sanderling",65
"Caspian tern",64
"Common tern",63
"Shorebirds",63
"Common loon",62
"Pine siskin",62
"Tyrant (New World) flycatchers",62
"Virginia rail",62
"American oystercatcher",61
"Blue-headed vireo",61
"Eastern towhee",61
"Yellow-throated warbler",61
"Domestic/feral dog",60
"Gopher tortoise",60
"Yellow-bellied flycatcher",60
"Black-headed grosbeak",58
"Terns, noddies",57
"Cuckoos",56
"Muskrat",54
"Domestic/feral cat",53
"Glaucous gull",51
"White ibis",51
"Lesser nighthawk",50
"Seminole bat",50
"Gray partridge",49
"Snow goose/Ross's goose complex",49
"Tri-colored bat",49
"Bufflehead",48
"Cackling goose",48
"Ruddy turnstone",48
"Crested caracara",47
"Prairie falcon",47
"Band-tailed pigeon",46
"Diving duck (Aythya)",46
"Greater yellowlegs",46
"Least tern",46
"Unknown terrestrial mammal",46
"Snakes",45
"Western grebe",45
"Black-billed magpie",44
"Foxes",44
"Hammond's flycatcher",44
"Winter wren",44
"Canada warbler",43
"Eastern bluebird",43
"Greater sage-grouse",42
"MacGillivray's warbler",42
"Mississippi kite",42
"Mottled duck",42
"Say's phoebe",42
"American white pelican",41
"Black skimmer",41
"Common box turtle",41
"Golden eagle",41
"Gray kingbird",41
"Pigeons",41
"Townsend's warbler",41
"Lesser yellowlegs",40
"Yellow-headed blackbird",40
"Canvasback",39
"American alligator",38
"Blue-billed white tern",38
"Clay-colored sparrow",38
"Common swift",38
"Eared grebe",38
"Wilson's phalarope",38
"Zenaida dove",38
"Laysan albatross",37
"Sharp-tailed grouse",37
"Western/Clark's grebe complex",37
"Nightjars",36
"Purple finch",36
"Rusty blackbird",36
"Whimbrel",36
"Black-bellied whistling-duck",35
"Wood stork",35
"Black noddy",34
"Prairie warbler",34
"Acadian flycatcher",32
"Hummingbirds",32
"American bittern",31
"Black-capped chickadee",31
"Forster's tern",31
"Little blue heron",31
"Red-necked phalarope",31
"Rufous hummingbird",31
"White-eyed vireo",31
"Black drongo",30
"Bonin petrel",30
"Common poorwill",30
"Sedge wren",30
"Short-billed dowitcher",30
"Swifts",30
"Wedge-tailed shearwater",30
"Hooded merganser",29
"Horned grebe",29
"North American porcupine",29
"Northern yellow bat",29
"Solitary sandpiper",29
"White-faced ibis",29
"White-rumped sandpiper",29
"White-tailed tropicbird",29
"Willow flycatcher",29
"Long-eared owl",28
"Golden-crowned sparrow",27
"Gray bat",27
"Orchard oriole",27
"Black-necked stilt",26
"Chuck-will's-widow",26
"Green-tailed towhee",26
"Lazuli bunting",26
"Long-billed curlew",26
"Philadelphia vireo",26
"Tundra swan",26
"Common gray fox",25
"Greater scaup",25
"Summer tanager",25
"Willet",25
"Alder flycatcher",24
"Anna's hummingbird",24
"Red-throated loon",24
"Redhead",24
"Redpoll",24
"Western bluebird",24
"Budgerigar",23
"Eastern whip-poor-will",23
"Blue grosbeak",22
"Common pauraque",22
"Belted kingfisher",21
"Black-billed cuckoo",21
"Gunnison's prairie dog",21
"Kentucky warbler",21
"American avocet",20
"Carolina wren",20
"Common waxbill",20
"Red-bellied woodpecker",20
"Western wood-pewee",20
"Antillean nighthawk",19
"Ash-throated flycatcher",19
"Cinnamon teal",19
"Clapper rail",19
"Northern bobwhite",19
"Northern cardinal",19
"Brown noddy",18
"Common goldeneye",18
"Downy woodpecker",18
"Long-billed dowitcher",18
"Mourning warbler",18
"Red-breasted merganser",18
"Antillean palm swift",17
"Deer",17
"Florida softshell turtle",17
"Hawaiian duck",17
"Lagomorphs (rabbits, hares)",17
"Lesser goldfinch",17
"Philippine collared dove",17
"Rails",17
"Black tern",16
"Black-throated sparrow",16
"Chestnut-collared longspur",16
"Common merganser",16
"Herons, egrets, bitterns",16
"Inca dove",16
"Magnificent frigatebird",16
"Painted bunting",16
"Rock wren",16
"Sprague's pipit",16
"Woodpeckers",16
"Great frigatebird",15
"Hooded warbler",15
"Plovers, lapwings",15
"Pond slider",15
"Royal tern",15
"Spotted towhee",15
"Black-headed gull",14
"California ground squirrel",14
"Common garter snake",14
"Falcons, caracaras",14
"Grebes",14
"Hawaiian goose",14
"Pacific wren",14
"Worm-eating warbler",14
"Black-throated gray warbler",13
"Common gallinule",13
"LeConte's sparrow",13
"Marbled godwit",13
"Mute swan",13
"Richardson's ground squirrel",13
"Saffron finch",13
"Sage thrasher",13
"Skunks",13
"Small Indian mongoose",13
"Swallow-tailed kite",13
"Bullock's oriole",12
"Cattle",12
"Common wood-pigeon",12
"Long-billed thrasher",12
"Red-breasted nuthatch",12
"Wapiti (elk)",12
"Willow ptarmigan",12
"Yellow-throated vireo",12
"Brown creeper",11
"Cassin's vireo",11
"Crows, ravens",11
"Ground squirrels",11
"Megabats",11
"Newell's shearwater",11
"Northern saw-whet owl",11
"Red avadavat",11
"Smith's longspur",11
"Tricolored heron",11
"Black francolin",10
"Black phoebe",10
"Cassin's sparrow",10
"Eastern rat snake",10
"Glossy ibis",10
"Hares",10
"Harris's sparrow",10
"Least bittern",10
"Lesser black-backed gull",10
"New World quail",10
"Pallas's mastiff bat",10
"Pelicans",10
"Pronghorn",10
"Red crossbill",10
"Southern lapwing",10
"Swine (pigs)",10
"Tropicbirds",10
"Black swift",9
"Blue-winged/cinnamon/green-winged teal complex",9
"Cactus wren",9
"Connecticut warbler",9
"Dusky flycatcher",9
"Gray francolin",9
"Long-tailed duck",9
"Nelson's sparrow",9
"Noddies",9
"Plains garter snake",9
"Prothonotary warbler",9
"Snowy plover",9
"Sooty tern",9
"Yellow-billed magpie",9
"African silverbill",8
"American badger",8
"Baird's sparrow",8
"Black-chinned hummingbird",8
"Black-footed albatross",8
"Common chaffinch",8
"Eastern screech-owl",8
"Gull-billed tern",8
"Hermit warbler",8
"Hudsonian godwit",8
"Ibises",8
"Indiana bat",8
"Kites, eagles, hawks",8
"Lined snake",8
"Mountain chickadee",8
"Olive-sided flycatcher",8
"Red-crested cardinal",8
"Red-naped sapsucker",8
"Red-necked grebe",8
"Red-vented bulbul",8
"Squirrels",8
"Thick-billed longspur",8
"Tree squirrels",8
"White-winged scoter",8
"American mink",7
"Bell's sparrow",7
"Common eider",7
"Eagles",7
"Eurasian kestrel",7
"Fish crow",7
"Flammulated owl",7
"Greater roadrunner",7
"Gulls, terns, kittiwakes",7
"Hooded oriole",7
"Long-tailed jaeger",7
"Mallard/mottled duck complex",7
"Nanday parakeet",7
"Purple gallinule",7
"Red phalarope",7
"Red-masked parakeet",7
"Surf scoter",7
"Townsend's solitaire",7
"Vireos",7
"Western mastiff bat",7
"White-winged crossbill",7
"Wilson's plover",7
"Arctic tern",6
"Black kite",6
"Canids",6
"Cassin's finch",6
"Collared peccary",6
"Common gull",6
"Gray flycatcher",6
"Harris's hawk",6
"Larks",6
"Moose",6
"Orioles",6
"Piping plover",6
"Ptarmigans",6
"Sandwich tern",6
"Scaled quail",6
"Scaly-naped pigeon",6
"Western barn owl",6
"Western rat snake",6
"White-tailed hawk",6
"White-tailed prairie dog",6
"Yellow-bellied marmot",6
"Yellow-fronted canary",6
"American goshawk",5
"Black-headed gull complex",5
"Brandt's cormorant",5
"Carolina chickadee",5
"Common kingsnake",5
"Costa's hummingbird",5
"Eared dove",5
"Eurasian buzzard",5
"Evening grosbeak",5
"Horse",5
"Indian pipistrelle",5
"Indian silverbill",5
"King rail",5
"Louisiana waterthrush",5
"Monk parakeet",5
"Muscovy duck",5
"Neotropic cormorant",5
"Parrots",5
"Pocketed free-tailed bat",5
"Red knot",5
"Reddish egret",5
"Roseate spoonbill",5
"Short-tailed hawk",5
"Stilt sandpiper",5
"Sulphur-bellied flycatcher",5
"Swans",5
"Tropical kingbird",5
"Western diamondback rattlesnake",5
"Western pipistrelle",5
"White-breasted nuthatch",5
"White-crested elaenia",5
"White-crowned pigeon",5
"African collared dove",4
"Barrow's goldeneye",4
"Bewick's wren",4
"Big free-tailed bat",4
"Blue-winged warbler",4
"Brown-crested flycatcher",4
"Chukar",4
"Coastal plain cooter",4
"Common snipe",4
"Eastern cattle egret",4
"Egyptian free-tailed bat",4
"Elegant tern",4
"Gambel's quail",4
"Great gray owl",4
"Iceland gull",4
"Japanese white-eye",4
"Kit fox",4
"North American beaver",4
"Northern water snake",4
"Olive sparrow",4
"Quails, pheasants",4
"Red-breasted sapsucker",4
"Red-footed booby",4
"Red-tailed tropicbird",4
"Ruffed grouse",4
"Sagebrush sparrow",4
"Tufted titmouse",4
"Waxbills, mannikins, parrotfinches",4
"Western fox snake",4
"Western small-footed myotis",4
"Allen's hummingbird",3
"Alligator snapping turtle",3
"American black bear",3
"Black-legged kittiwake",3
"Blue-and-white swallow",3
"Bohemian waxwing",3
"Brown booby",3
"California myotis",3
"California towhee",3
"Calliope hummingbird",3
"Cape serotine",3
"Caribou",3
"Carrion crow",3
"Clark's grebe",3
"Cormorants",3
"Corn snake",3
"Couch's kingbird",3
"Coypu (nutria)",3
"Cranes",3
"Double-striped thick-knee",3
"Eastern gray squirrel",3
"Eurasian wigeon",3
"Florida red-bellied cooter",3
"Gray-breasted martin",3
"Great kiskadee",3
"Greater Antillean grackle",3
"Grouse",3
"Hairy woodpecker",3
"Hawaiian hawk",3
"Helmeted guineafowl",3
"Jamaican fruit bat",3
"Kentish plover",3
"Limpkin",3
"Long-legged myotis",3
"Meadow pipit",3
"Nacunda nighthawk",3
"New world rats",3
"Northern shrike",3
"Pacific loon",3
"Parasitic jaeger",3
"Partridges",3
"Prairie rattlesnake",3
"Rock ptarmigan",3
"Seaside sparrow",3
"Song thrush",3
"Striped mud turtle",3
"Swainson's warbler",3
"Thrashers",3
"Tricolored blackbird",3
"Trumpeter swan",3
"Water moccasin",3
"Western screech-owl",3
"Western yellow bat",3
"Whiskered tern",3
"Yellow rail",3
"Yellow-legged gull",3
"Yuma myotis",3
"Antelope jackrabbit",2
"Bar-tailed godwit",2
"Bare-eyed pigeon",2
"Bats",2
"Bicknell's thrush",2
"Black turnstone",2
"Blackbirds, meadowlarks, orioles",2
"Blue-crowned parakeet",2
"Botta's pocket gopher",2
"Bushtit",2
"California kingsnake",2
"Canada jay",2
"Checkered garter snake",2
"Chihuahuan meadowlark",2
"Collared plover",2
"Common pipistrelle",2
"Curve-billed thrasher",2
"DeKay's brown snake",2
"Diamondback water snake",2
"Eastern diamondback rattlesnake",2
"Eastern mud turtle",2
"Eastern small-footed myotis",2
"Egyptian goose",2
"Emperor goose",2
"Eurasian coot",2
"Eurasian curlew",2
"Florida bonneted bat",2
"Fork-tailed storm-petrel",2
"Golden-winged warbler",2
"Gray sac-winged bat",2
"Gray-crowned rosy-finch",2
"Great cormorant",2
"Gyrfalcon",2
"Harlequin duck",2
"Iguanas",2
"Indian flying fox",2
"Island canary",2
"Java sparrow",2
"Kirtland's warbler",2
"Kittiwakes",2
"Lawrence's goldfinch",2
"Lawrence's warbler",2
"Least weasel",2
"Long-eared myotis",2
"Long-tailed weasel",2
"Longspurs, snow buntings",2
"Loons",2
"Mammals",2
"Milk snake",2
"Morelet's seedeater",2
"Mountain cottontail",2
"Mynas",2
"Northern hawk owl",2
"Old World vultures",2
"Olive-backed pipit",2
"Oriental plover",2
"Oriental turtle dove",2
"Ornate box turtle",2
"Pallid swift",2
"Parakeets",2
"Pelagic cormorant",2
"Pheasants",2
"Pin-tailed snipe",2
"Prairie dogs",2
"Prairie dogs, marmots, squirrels",2
"Purple heron",2
"Purple sandpiper",2
"Red-crowned amazon",2
"Redwing",2
"River cooter",2
"River otter",2
"Rock sandpiper",2
"Rook",2
"Ross's goose",2
"Rufous-tailed robin",2
"Sabine's gull",2
"Snowshoe hare",2
"Southeastern myotis",2
"Spiny softshell turtle",2
"Spotted bat",2
"Spotted thick-knee",2
"Spruce grouse",2
"Swift, tree-swifts, hummingbirds",2
"Thick-billed kingbird",2
"Thirteen-lined ground squirrel",2
"Towhees",2
"Wagner's bonneted bat",2
"Western house-martin",2
"Western ribbon snake",2
"White-fronted Swift",2
"White-winged tern",2
"African yellow bat",1
"Alpine swift",1
"Alvarez’s mastiff bat",1
"American red squirrel",1
"Angolan free-tailed bat",1
"Antillean fruit-eating bat",1
"Australian pelican",1
"Avocets,stilts",1
"Axis deer",1
"Band-rumped storm-petrel",1
"Bearded seal",1
"Bell's vireo",1
"Black mastiff bat",1
"Black redstart",1
"Black-bearded tomb bat",1
"Black-chinned sparrow",1
"Black-crowned sparrow lark",1
"Black-faced bunting",1
"Blue-black grassquit",1
"Blue-tailed bee-eater",1
"Bluethroat",1
"Bobcat",1
"Broad-eared bat",1
"Broad-tailed hummingbird",1
"Bronze mannikin",1
"Brown bear",1
"Brown flower bat",1
"Brown-throated parakeet",1
"Brush rabbit",1
"California quail",1
"Caribbean martin",1
"Cerulean warbler",1
"Chickadees",1
"Chicken turtle",1
"Chinese pond heron ",1
"Clark's nutcracker",1
"Columbian ground squirrel",1
"Common crane",1
"Common cuckoo",1
"Common grasshopper warbler",1
"Common murre",1
"Common ringed plover",1
"Corn crake",1
"Cuban flower bat",1
"Dark-billed cuckoo",1
"Domestic sheep",1
"Domestic/feral chicken",1
"Drongos",1
"Dusky thrush",1
"Eastern barn owl",1
"Eastern hognose snake",1
"Eastern pine snake",1
"Eastern racer",1
"Eurasian moorhen",1
"Eurasian siskin",1
"European golden-plover",1
"European goldfinch",1
"European robin",1
"Flying foxes",1
"Fox squirrel",1
"Frigatebirds",1
"Fringed myotis",1
"Garden warbler",1
"Glossy snake",1
"Golden-fronted woodpecker",1
"Gray heron",1
"Gray vireo",1
"Gray-headed chickadee",1
"Gray-tailed tattler",1
"Great crested grebe",1
"Greater prairie chicken",1
"Greater spotted eagle",1
"Greenish warbler",1
"Grey-headed flying fox",1
"Hawaiian petrel",1
"Heermann's gull",1
"Hispaniolan mastiff bat",1
"Hooded crow",1
"Horned puffin",1
"Hume's short-toed lark",1
"Kelaart's pipistrelle",1
"Kingfishers",1
"Kites",1
"Kuhl's pipistrelle",1
"Ladder-backed woodpecker",1
"Lanceolated warbler",1
"Lappet-faced vulture",1
"Lapwings",1
"Leschenault's rousette",1
"Lesser bulldog bat",1
"Lesser whitethroat",1
"Lilac-crowned parrot",1
"Little owl",1
"Little red flying fox",1
"Little swift",1
"Little tern",1
"Loggerhead kingbird",1
"Long-nosed snake",1
"Magpies",1
"Marbled murrelet",1
"Mariana kingfisher",1
"Marmots",1
"Marsh rabbit",1
"Mauritian tomb bat",1
"McKay's bunting",1
"Medium egret",1
"Mitred parakeet",1
"Mockingbirds",1
"Mohave rattlesnake",1
"Mugimaki flycatcher",1
"Naked-rumped tomb bat",1
"New world porcupines",1
"Northern fulmar",1
"Northern gannet",1
"Northern lapwing",1
"Northern map turtle",1
"Northern pygmy-owl",1
"Nuthatches",1
"Old World warblers",1
"Olivaceous elaenia",1
"Olive-throated parakeet",1
"Oystercatchers",1
"Pacific flying fox",1
"Pallas's long-tongued bat",1
"Pearly-eyed thrasher",1
"Peccaries",1
"Perching birds (z)",1
"Peters's short-nosed fruit bat",1
"Philippine duck",1
"Picazuro pigeon",1
"Pigeon guillemot",1
"Pileated woodpecker",1
"Pine grosbeak",1
"Piute ground squirrel",1
"Pocket gophers",1
"Pygmy nuthatch",1
"Rainbow lorikeet",1
"Ravens",1
"Red-billed pigeon",1
"Red-headed woodpecker",1
"Red-legged kittiwake",1
"Red-legged partridge",1
"Red-necked stint",1
"Red-wattled lapwing",1
"Reptiles",1
"Rodents",1
"Rose-ringed parakeet",1
"Roseate tern",1
"Ruddy ground dove",1
"Rufous-necked wood rail",1
"Sharp-tailed sandpiper",1
"Shearwaters",1
"Siberian sand-plover",1
"Sinaloan mastiff bat",1
"Sooty mustached bat",1
"South American snipe",1
"Speckled pigeon",1
"Spectacled caiman",1
"Spotted flycatcher",1
"Spur-winged lapwing",1
"Storm-petrels",1
"Surfbird",1
"Texas blind snake",1
"Tree pipit",1
"Tropical mockingbird",1
"Typical owls",1
"Vega gull",1
"Vermilion Flycatcher",1
"Virginia's warbler",1
"Wedge-tailed eagle",1
"Western hognose snake",1
"Western marsh harrier",1
"Western red bat",1
"White stork",1
"White's thrush",1
"White-bellied sea-eagle",1
"White-nosed coati",1
"White-tufted grebe",1
"White-winged swallow",1
"Whooping crane",1
"Wilson/Common snipe complex",1
"Wood sandpiper",1
"Wrentit",1
"Yellow-browed warbler",1
"Yellow-chevroned parakeet",1
"Yellow-headed caracara",1
