"SPECIES","SPECIES_GROUP","REVIEW_STATUS"
"Acadian flycatcher","Perching birds","Existing assignment; not fully audited"
"African collared dove","Doves & pigeons","Existing assignment; not fully audited"
"African silverbill","Perching birds","Reviewed 2026-09-18"
"African yellow bat","Bats","Existing assignment; not fully audited"
"Alder flycatcher","Perching birds","Existing assignment; not fully audited"
"Alder/willow flycatcher complex","Perching birds","Existing assignment; not fully audited"
"Allen's hummingbird","Other birds","Existing assignment; not fully audited"
"Alligator snapping turtle","Reptiles & amphibians","Existing assignment; not fully audited"
"Alpine swift","Other birds","Existing assignment; not fully audited"
"Alvarez’s mastiff bat","Bats","Existing assignment; not fully audited"
"American alligator","Reptiles & amphibians","Existing assignment; not fully audited"
"American avocet","Shorebirds","Existing assignment; not fully audited"
"American badger","Other mammals","Existing assignment; not fully audited"
"American barn owl","Raptors","Existing assignment; not fully audited"
"American bittern","Wading birds","Existing assignment; not fully audited"
"American black bear","Other mammals","Existing assignment; not fully audited"
"American black duck","Waterfowl","Existing assignment; not fully audited"
"American coot","Wading birds","Reviewed 2026-09-18"
"American crow","Corvids","Existing assignment; not fully audited"
"American golden-plover","Shorebirds","Existing assignment; not fully audited"
"American goldfinch","Perching birds","Existing assignment; not fully audited"
"American goshawk","Raptors","Reviewed 2026-09-18"
"American kestrel","Raptors","Existing assignment; not fully audited"
"American mink","Other mammals","Existing assignment; not fully audited"
"American oystercatcher","Shorebirds","Existing assignment; not fully audited"
"American pipit","Perching birds","Existing assignment; not fully audited"
"American red squirrel","Other mammals","Existing assignment; not fully audited"
"American redstart","Perching birds","Reviewed 2026-09-18"
"American robin","Perching birds","Existing assignment; not fully audited"
"American tree sparrow","Perching birds","Existing assignment; not fully audited"
"American white pelican","Seabirds","Existing assignment; not fully audited"
"American wigeon","Waterfowl","Existing assignment; not fully audited"
"American woodcock","Shorebirds","Existing assignment; not fully audited"
"Angolan free-tailed bat","Bats","Existing assignment; not fully audited"
"Anhinga","Seabirds","Existing assignment; not fully audited"
"Anna's hummingbird","Other birds","Existing assignment; not fully audited"
"Antelope jackrabbit","Deer","Existing assignment; not fully audited"
"Antillean fruit-eating bat","Bats","Existing assignment; not fully audited"
"Antillean nighthawk","Other birds","Existing assignment; not fully audited"
"Antillean palm swift","Other birds","Existing assignment; not fully audited"
"Arctic tern","Gulls & terns","Existing assignment; not fully audited"
"Ash-throated flycatcher","Perching birds","Existing assignment; not fully audited"
"Australian pelican","Seabirds","Existing assignment; not fully audited"
"Avocets,stilts","Shorebirds","Existing assignment; not fully audited"
"Axis deer","Deer","Existing assignment; not fully audited"
"Baird's sandpiper","Shorebirds","Existing assignment; not fully audited"
"Baird's sparrow","Perching birds","Existing assignment; not fully audited"
"Bald eagle","Raptors","Existing assignment; not fully audited"
"Baltimore oriole","Perching birds","Existing assignment; not fully audited"
"Band-rumped storm-petrel","Seabirds","Existing assignment; not fully audited"
"Band-tailed pigeon","Doves & pigeons","Existing assignment; not fully audited"
"Bank swallow","Perching birds","Existing assignment; not fully audited"
"Bar-tailed godwit","Shorebirds","Existing assignment; not fully audited"
"Bare-eyed pigeon","Doves & pigeons","Existing assignment; not fully audited"
"Barn swallow","Perching birds","Existing assignment; not fully audited"
"Barred owl","Raptors","Existing assignment; not fully audited"
"Barrow's goldeneye","Waterfowl","Existing assignment; not fully audited"
"Bats","Bats","Existing assignment; not fully audited"
"Bay-breasted warbler","Perching birds","Existing assignment; not fully audited"
"Bearded seal","Other mammals","Reviewed 2026-09-18"
"Bell's sparrow","Perching birds","Existing assignment; not fully audited"
"Bell's vireo","Perching birds","Existing assignment; not fully audited"
"Belted kingfisher","Other birds","Existing assignment; not fully audited"
"Bewick's wren","Perching birds","Existing assignment; not fully audited"
"Bicknell's thrush","Perching birds","Existing assignment; not fully audited"
"Big brown bat","Bats","Existing assignment; not fully audited"
"Big free-tailed bat","Bats","Existing assignment; not fully audited"
"Black drongo","Perching birds","Reviewed 2026-09-18"
"Black francolin","Upland game birds","Reviewed 2026-09-18"
"Black kite","Raptors","Existing assignment; not fully audited"
"Black mastiff bat","Bats","Existing assignment; not fully audited"
"Black noddy","Gulls & terns","Reviewed 2026-09-18"
"Black phoebe","Perching birds","Existing assignment; not fully audited"
"Black redstart","Perching birds","Reviewed 2026-09-18"
"Black skimmer","Gulls & terns","Existing assignment; not fully audited"
"Black swift","Other birds","Existing assignment; not fully audited"
"Black tern","Gulls & terns","Existing assignment; not fully audited"
"Black turnstone","Shorebirds","Reviewed 2026-09-18"
"Black vulture","Raptors","Existing assignment; not fully audited"
"Black-and-white warbler","Perching birds","Existing assignment; not fully audited"
"Black-bearded tomb bat","Bats","Existing assignment; not fully audited"
"Black-bellied plover","Shorebirds","Existing assignment; not fully audited"
"Black-bellied whistling-duck","Waterfowl","Existing assignment; not fully audited"
"Black-billed cuckoo","Other birds","Existing assignment; not fully audited"
"Black-billed magpie","Corvids","Existing assignment; not fully audited"
"Black-capped chickadee","Perching birds","Existing assignment; not fully audited"
"Black-chinned hummingbird","Other birds","Existing assignment; not fully audited"
"Black-chinned sparrow","Perching birds","Existing assignment; not fully audited"
"Black-crowned night heron","Wading birds","Existing assignment; not fully audited"
"Black-crowned sparrow lark","Perching birds","Existing assignment; not fully audited"
"Black-faced bunting","Perching birds","Existing assignment; not fully audited"
"Black-footed albatross","Seabirds","Existing assignment; not fully audited"
"Black-headed grosbeak","Perching birds","Existing assignment; not fully audited"
"Black-headed gull","Gulls & terns","Existing assignment; not fully audited"
"Black-headed gull complex","Gulls & terns","Existing assignment; not fully audited"
"Black-legged kittiwake","Gulls & terns","Existing assignment; not fully audited"
"Black-necked stilt","Shorebirds","Existing assignment; not fully audited"
"Black-tailed jackrabbit","Other mammals","Existing assignment; not fully audited"
"Black-tailed prairie dog","Other mammals","Existing assignment; not fully audited"
"Black-throated blue warbler","Perching birds","Existing assignment; not fully audited"
"Black-throated gray warbler","Perching birds","Existing assignment; not fully audited"
"Black-throated green warbler","Perching birds","Existing assignment; not fully audited"
"Black-throated sparrow","Perching birds","Existing assignment; not fully audited"
"Blackbirds","Perching birds","Existing assignment; not fully audited"
"Blackbirds, meadowlarks, orioles","Perching birds","Existing assignment; not fully audited"
"Blackburnian warbler","Perching birds","Existing assignment; not fully audited"
"Blackpoll warbler","Perching birds","Existing assignment; not fully audited"
"Blue grosbeak","Perching birds","Existing assignment; not fully audited"
"Blue jay","Corvids","Existing assignment; not fully audited"
"Blue-and-white swallow","Perching birds","Existing assignment; not fully audited"
"Blue-billed white tern","Gulls & terns","Existing assignment; not fully audited"
"Blue-black grassquit","Perching birds","Reviewed 2026-09-18"
"Blue-crowned parakeet","Other birds","Reviewed 2026-09-18"
"Blue-gray gnatcatcher","Perching birds","Reviewed 2026-09-18"
"Blue-headed vireo","Perching birds","Existing assignment; not fully audited"
"Blue-tailed bee-eater","Other birds","Reviewed 2026-09-18"
"Blue-winged teal","Waterfowl","Existing assignment; not fully audited"
"Blue-winged warbler","Perching birds","Existing assignment; not fully audited"
"Blue-winged/cinnamon/green-winged teal complex","Waterfowl","Existing assignment; not fully audited"
"Bluethroat","Perching birds","Reviewed 2026-09-18"
"Boat-tailed grackle","Perching birds","Existing assignment; not fully audited"
"Bobcat","Other mammals","Existing assignment; not fully audited"
"Bobolink","Perching birds","Reviewed 2026-09-18"
"Bohemian waxwing","Perching birds","Existing assignment; not fully audited"
"Bonaparte's gull","Gulls & terns","Existing assignment; not fully audited"
"Bonin petrel","Seabirds","Existing assignment; not fully audited"
"Botta's pocket gopher","Other mammals","Existing assignment; not fully audited"
"Brandt's cormorant","Seabirds","Existing assignment; not fully audited"
"Brant","Waterfowl","Existing assignment; not fully audited"
"Brazilian free-tailed bat","Bats","Existing assignment; not fully audited"
"Brewer's blackbird","Perching birds","Existing assignment; not fully audited"
"Brewer's sparrow","Perching birds","Existing assignment; not fully audited"
"Broad-eared bat","Bats","Existing assignment; not fully audited"
"Broad-tailed hummingbird","Other birds","Existing assignment; not fully audited"
"Broad-winged hawk","Raptors","Existing assignment; not fully audited"
"Bronze mannikin","Perching birds","Reviewed 2026-09-18"
"Brown bear","Other mammals","Existing assignment; not fully audited"
"Brown booby","Seabirds","Existing assignment; not fully audited"
"Brown creeper","Perching birds","Reviewed 2026-09-18"
"Brown flower bat","Bats","Existing assignment; not fully audited"
"Brown noddy","Gulls & terns","Reviewed 2026-09-18"
"Brown pelican","Seabirds","Existing assignment; not fully audited"
"Brown thrasher","Perching birds","Existing assignment; not fully audited"
"Brown-crested flycatcher","Perching birds","Existing assignment; not fully audited"
"Brown-headed cowbird","Perching birds","Existing assignment; not fully audited"
"Brown-throated parakeet","Other birds","Reviewed 2026-09-18"
"Brush rabbit","Other mammals","Existing assignment; not fully audited"
"Budgerigar","Other birds","Reviewed 2026-09-18"
"Buff-breasted sandpiper","Shorebirds","Existing assignment; not fully audited"
"Bufflehead","Waterfowl","Existing assignment; not fully audited"
"Bullock's oriole","Perching birds","Existing assignment; not fully audited"
"Burrowing owl","Raptors","Existing assignment; not fully audited"
"Bushtit","Perching birds","Reviewed 2026-09-18"
"Cackling goose","Waterfowl","Existing assignment; not fully audited"
"Cactus wren","Perching birds","Existing assignment; not fully audited"
"California ground squirrel","Other mammals","Existing assignment; not fully audited"
"California gull","Gulls & terns","Existing assignment; not fully audited"
"California kingsnake","Reptiles & amphibians","Reviewed 2026-09-18"
"California myotis","Bats","Reviewed 2026-09-18"
"California quail","Upland game birds","Existing assignment; not fully audited"
"California towhee","Perching birds","Existing assignment; not fully audited"
"Calliope hummingbird","Other birds","Existing assignment; not fully audited"
"Canada goose","Waterfowl","Existing assignment; not fully audited"
"Canada jay","Corvids","Existing assignment; not fully audited"
"Canada warbler","Perching birds","Existing assignment; not fully audited"
"Canids","Other mammals","Reviewed 2026-09-18"
"Canvasback","Waterfowl","Reviewed 2026-09-18"
"Cape May warbler","Perching birds","Existing assignment; not fully audited"
"Cape serotine","Bats","Reviewed 2026-09-18"
"Caribbean martin","Perching birds","Existing assignment; not fully audited"
"Caribou","Deer","Existing assignment; not fully audited"
"Carolina chickadee","Perching birds","Existing assignment; not fully audited"
"Carolina wren","Perching birds","Existing assignment; not fully audited"
"Carrion crow","Corvids","Existing assignment; not fully audited"
"Caspian tern","Gulls & terns","Existing assignment; not fully audited"
"Cassin's finch","Perching birds","Existing assignment; not fully audited"
"Cassin's sparrow","Perching birds","Existing assignment; not fully audited"
"Cassin's vireo","Perching birds","Existing assignment; not fully audited"
"Cattle","Other mammals","Reviewed 2026-09-18"
"Cave swallow","Perching birds","Existing assignment; not fully audited"
"Cedar waxwing","Perching birds","Existing assignment; not fully audited"
"Cerulean warbler","Perching birds","Existing assignment; not fully audited"
"Checkered garter snake","Reptiles & amphibians","Existing assignment; not fully audited"
"Chestnut munia","Perching birds","Reviewed 2026-09-18"
"Chestnut-collared longspur","Perching birds","Reviewed 2026-09-18"
"Chestnut-sided warbler","Perching birds","Existing assignment; not fully audited"
"Chickadees","Perching birds","Existing assignment; not fully audited"
"Chicken turtle","Reptiles & amphibians","Existing assignment; not fully audited"
"Chihuahuan meadowlark","Perching birds","Existing assignment; not fully audited"
"Chimney swift","Other birds","Existing assignment; not fully audited"
"Chinese pond heron","Wading birds","Existing assignment; not fully audited"
"Chipping sparrow","Perching birds","Existing assignment; not fully audited"
"Chuck-will's-widow","Other birds","Reviewed 2026-09-18"
"Chukar","Upland game birds","Existing assignment; not fully audited"
"Cinnamon teal","Waterfowl","Existing assignment; not fully audited"
"Clapper rail","Wading birds","Reviewed 2026-09-18"
"Clark's grebe","Seabirds","Existing assignment; not fully audited"
"Clark's nutcracker","Corvids","Reviewed 2026-09-18"
"Clay-colored sparrow","Perching birds","Existing assignment; not fully audited"
"Cliff swallow","Perching birds","Existing assignment; not fully audited"
"Coastal plain cooter","Reptiles & amphibians","Reviewed 2026-09-18"
"Collared peccary","Other mammals","Reviewed 2026-09-18"
"Collared plover","Shorebirds","Existing assignment; not fully audited"
"Columbian ground squirrel","Other mammals","Existing assignment; not fully audited"
"Common box turtle","Reptiles & amphibians","Existing assignment; not fully audited"
"Common chaffinch","Perching birds","Existing assignment; not fully audited"
"Common crane","Wading birds","Existing assignment; not fully audited"
"Common cuckoo","Other birds","Existing assignment; not fully audited"
"Common eider","Waterfowl","Reviewed 2026-09-18"
"Common gallinule","Wading birds","Reviewed 2026-09-18"
"Common garter snake","Reptiles & amphibians","Existing assignment; not fully audited"
"Common goldeneye","Waterfowl","Existing assignment; not fully audited"
"Common grackle","Perching birds","Existing assignment; not fully audited"
"Common grasshopper warbler","Perching birds","Existing assignment; not fully audited"
"Common gray fox","Other mammals","Existing assignment; not fully audited"
"Common ground dove","Doves & pigeons","Existing assignment; not fully audited"
"Common gull","Gulls & terns","Existing assignment; not fully audited"
"Common kingsnake","Reptiles & amphibians","Reviewed 2026-09-18"
"Common loon","Seabirds","Existing assignment; not fully audited"
"Common merganser","Waterfowl","Existing assignment; not fully audited"
"Common murre","Seabirds","Existing assignment; not fully audited"
"Common myna","Perching birds","Reviewed 2026-09-18"
"Common nighthawk","Other birds","Existing assignment; not fully audited"
"Common pauraque","Other birds","Reviewed 2026-09-18"
"Common pipistrelle","Bats","Reviewed 2026-09-18"
"Common poorwill","Other birds","Reviewed 2026-09-18"
"Common raven","Corvids","Existing assignment; not fully audited"
"Common ringed plover","Shorebirds","Existing assignment; not fully audited"
"Common snapping turtle","Reptiles & amphibians","Existing assignment; not fully audited"
"Common snipe","Shorebirds","Existing assignment; not fully audited"
"Common swift","Other birds","Existing assignment; not fully audited"
"Common tern","Gulls & terns","Existing assignment; not fully audited"
"Common waxbill","Perching birds","Reviewed 2026-09-18"
"Common wood-pigeon","Doves & pigeons","Existing assignment; not fully audited"
"Common yellowthroat","Perching birds","Reviewed 2026-09-18"
"Connecticut warbler","Perching birds","Existing assignment; not fully audited"
"Cooper's hawk","Raptors","Existing assignment; not fully audited"
"Cormorants","Seabirds","Existing assignment; not fully audited"
"Corn crake","Wading birds","Reviewed 2026-09-18"
"Corn snake","Reptiles & amphibians","Existing assignment; not fully audited"
"Costa's hummingbird","Other birds","Existing assignment; not fully audited"
"Couch's kingbird","Perching birds","Existing assignment; not fully audited"
"Coyote","Other mammals","Existing assignment; not fully audited"
"Coypu (nutria)","Other mammals","Reviewed 2026-09-18"
"Cranes","Wading birds","Existing assignment; not fully audited"
"Crested caracara","Raptors","Existing assignment; not fully audited"
"Crows","Corvids","Existing assignment; not fully audited"
"Crows, ravens","Corvids","Existing assignment; not fully audited"
"Cuban flower bat","Bats","Existing assignment; not fully audited"
"Cuckoos","Other birds","Existing assignment; not fully audited"
"Curve-billed thrasher","Perching birds","Existing assignment; not fully audited"
"Dark-billed cuckoo","Other birds","Existing assignment; not fully audited"
"Dark-eyed junco","Perching birds","Existing assignment; not fully audited"
"Deer","Deer","Existing assignment; not fully audited"
"DeKay's brown snake","Reptiles & amphibians","Existing assignment; not fully audited"
"Desert cottontail","Other mammals","Reviewed 2026-09-18"
"Diamondback terrapin","Reptiles & amphibians","Existing assignment; not fully audited"
"Diamondback water snake","Reptiles & amphibians","Existing assignment; not fully audited"
"Dickcissel","Perching birds","Reviewed 2026-09-18"
"Diving duck (Aythya)","Waterfowl","Existing assignment; not fully audited"
"Domestic sheep","Other mammals","Reviewed 2026-09-18"
"Domestic/feral cat","Other mammals","Existing assignment; not fully audited"
"Domestic/feral chicken","Upland game birds","Reviewed 2026-09-18"
"Domestic/feral dog","Other mammals","Existing assignment; not fully audited"
"Double-crested cormorant","Seabirds","Existing assignment; not fully audited"
"Double-striped thick-knee","Shorebirds","Reviewed 2026-09-18"
"Doves","Doves & pigeons","Existing assignment; not fully audited"
"Downy woodpecker","Other birds","Existing assignment; not fully audited"
"Drongos","Perching birds","Reviewed 2026-09-18"
"Ducks","Waterfowl","Existing assignment; not fully audited"
"Ducks, geese, swans","Waterfowl","Existing assignment; not fully audited"
"Dunlin","Shorebirds","Existing assignment; not fully audited"
"Dusky flycatcher","Perching birds","Existing assignment; not fully audited"
"Dusky thrush","Perching birds","Existing assignment; not fully audited"
"Eagles","Raptors","Existing assignment; not fully audited"
"Eared dove","Doves & pigeons","Existing assignment; not fully audited"
"Eared grebe","Seabirds","Existing assignment; not fully audited"
"Eastern barn owl","Raptors","Existing assignment; not fully audited"
"Eastern bluebird","Perching birds","Existing assignment; not fully audited"
"Eastern cattle egret","Wading birds","Existing assignment; not fully audited"
"Eastern cottontail","Other mammals","Reviewed 2026-09-18"
"Eastern diamondback rattlesnake","Reptiles & amphibians","Reviewed 2026-09-18"
"Eastern gray squirrel","Other mammals","Existing assignment; not fully audited"
"Eastern hognose snake","Reptiles & amphibians","Existing assignment; not fully audited"
"Eastern kingbird","Perching birds","Existing assignment; not fully audited"
"Eastern meadowlark","Perching birds","Existing assignment; not fully audited"
"Eastern mud turtle","Reptiles & amphibians","Existing assignment; not fully audited"
"Eastern phoebe","Perching birds","Existing assignment; not fully audited"
"Eastern pine snake","Reptiles & amphibians","Existing assignment; not fully audited"
"Eastern racer","Reptiles & amphibians","Reviewed 2026-09-18"
"Eastern rat snake","Other mammals","Existing assignment; not fully audited"
"Eastern red bat","Bats","Existing assignment; not fully audited"
"Eastern screech-owl","Raptors","Existing assignment; not fully audited"
"Eastern small-footed myotis","Bats","Reviewed 2026-09-18"
"Eastern towhee","Perching birds","Existing assignment; not fully audited"
"Eastern whip-poor-will","Other birds","Existing assignment; not fully audited"
"Eastern wood-pewee","Perching birds","Reviewed 2026-09-18"
"Egrets","Wading birds","Existing assignment; not fully audited"
"Egyptian free-tailed bat","Bats","Existing assignment; not fully audited"
"Egyptian goose","Waterfowl","Existing assignment; not fully audited"
"Elegant tern","Gulls & terns","Existing assignment; not fully audited"
"Emperor goose","Waterfowl","Existing assignment; not fully audited"
"Eurasian buzzard","Raptors","Reviewed 2026-09-18"
"Eurasian collared dove","Doves & pigeons","Existing assignment; not fully audited"
"Eurasian coot","Wading birds","Reviewed 2026-09-18"
"Eurasian curlew","Shorebirds","Existing assignment; not fully audited"
"Eurasian kestrel","Raptors","Existing assignment; not fully audited"
"Eurasian moorhen","Wading birds","Reviewed 2026-09-18"
"Eurasian siskin","Perching birds","Reviewed 2026-09-18"
"Eurasian skylark","Perching birds","Reviewed 2026-09-18"
"Eurasian wigeon","Waterfowl","Existing assignment; not fully audited"
"European golden-plover","Shorebirds","Existing assignment; not fully audited"
"European goldfinch","Perching birds","Existing assignment; not fully audited"
"European robin","Perching birds","Existing assignment; not fully audited"
"European starling","Perching birds","Existing assignment; not fully audited"
"Evening bat","Bats","Existing assignment; not fully audited"
"Evening grosbeak","Perching birds","Existing assignment; not fully audited"
"Falcons, caracaras","Raptors","Existing assignment; not fully audited"
"Falcons, kestrels, falconets","Raptors","Existing assignment; not fully audited"
"Ferruginous hawk","Raptors","Existing assignment; not fully audited"
"Field sparrow","Perching birds","Existing assignment; not fully audited"
"Finches, euphonias","Perching birds","Existing assignment; not fully audited"
"Fish crow","Corvids","Existing assignment; not fully audited"
"Flammulated owl","Raptors","Existing assignment; not fully audited"
"Florida bonneted bat","Bats","Existing assignment; not fully audited"
"Florida red-bellied cooter","Reptiles & amphibians","Reviewed 2026-09-18"
"Florida softshell turtle","Reptiles & amphibians","Existing assignment; not fully audited"
"Flying foxes","Other mammals","Existing assignment; not fully audited"
"Fork-tailed storm-petrel","Seabirds","Existing assignment; not fully audited"
"Forster's tern","Gulls & terns","Existing assignment; not fully audited"
"Fox sparrow","Other mammals","Existing assignment; not fully audited"
"Fox squirrel","Other mammals","Existing assignment; not fully audited"
"Foxes","Other mammals","Existing assignment; not fully audited"
"Franklin's gull","Gulls & terns","Existing assignment; not fully audited"
"Free-tailed bats","Bats","Existing assignment; not fully audited"
"Frigatebirds","Seabirds","Reviewed 2026-09-18"
"Fringed myotis","Bats","Reviewed 2026-09-18"
"Gadwall","Waterfowl","Existing assignment; not fully audited"
"Gambel's quail","Upland game birds","Existing assignment; not fully audited"
"Garden warbler","Perching birds","Existing assignment; not fully audited"
"Geese","Waterfowl","Existing assignment; not fully audited"
"Glaucous gull","Gulls & terns","Existing assignment; not fully audited"
"Glaucous-winged gull","Gulls & terns","Existing assignment; not fully audited"
"Glossy ibis","Wading birds","Existing assignment; not fully audited"
"Glossy snake","Reptiles & amphibians","Existing assignment; not fully audited"
"Golden eagle","Raptors","Existing assignment; not fully audited"
"Golden-crowned kinglet","Perching birds","Existing assignment; not fully audited"
"Golden-crowned sparrow","Perching birds","Existing assignment; not fully audited"
"Golden-fronted woodpecker","Other birds","Existing assignment; not fully audited"
"Golden-winged warbler","Perching birds","Existing assignment; not fully audited"
"Gopher snake","Other mammals","Existing assignment; not fully audited"
"Gopher tortoise","Other mammals","Existing assignment; not fully audited"
"Grackles","Perching birds","Existing assignment; not fully audited"
"Grasshopper sparrow","Perching birds","Existing assignment; not fully audited"
"Gray bat","Bats","Existing assignment; not fully audited"
"Gray catbird","Perching birds","Existing assignment; not fully audited"
"Gray flycatcher","Perching birds","Existing assignment; not fully audited"
"Gray francolin","Upland game birds","Reviewed 2026-09-18"
"Gray heron","Wading birds","Existing assignment; not fully audited"
"Gray kingbird","Perching birds","Existing assignment; not fully audited"
"Gray partridge","Upland game birds","Existing assignment; not fully audited"
"Gray sac-winged bat","Bats","Existing assignment; not fully audited"
"Gray vireo","Perching birds","Existing assignment; not fully audited"
"Gray-breasted martin","Perching birds","Existing assignment; not fully audited"
"Gray-cheeked thrush","Perching birds","Existing assignment; not fully audited"
"Gray-crowned rosy-finch","Perching birds","Existing assignment; not fully audited"
"Gray-headed chickadee","Perching birds","Existing assignment; not fully audited"
"Gray-tailed tattler","Shorebirds","Reviewed 2026-09-18"
"Great black-backed gull","Gulls & terns","Existing assignment; not fully audited"
"Great blue heron","Wading birds","Existing assignment; not fully audited"
"Great cormorant","Seabirds","Existing assignment; not fully audited"
"Great crested flycatcher","Perching birds","Existing assignment; not fully audited"
"Great crested grebe","Seabirds","Existing assignment; not fully audited"
"Great egret","Wading birds","Existing assignment; not fully audited"
"Great frigatebird","Seabirds","Reviewed 2026-09-18"
"Great gray owl","Raptors","Existing assignment; not fully audited"
"Great horned owl","Raptors","Existing assignment; not fully audited"
"Great kiskadee","Perching birds","Reviewed 2026-09-18"
"Great-tailed grackle","Perching birds","Existing assignment; not fully audited"
"Greater Antillean grackle","Perching birds","Existing assignment; not fully audited"
"Greater prairie chicken","Upland game birds","Reviewed 2026-09-18"
"Greater roadrunner","Other birds","Existing assignment; not fully audited"
"Greater sage-grouse","Upland game birds","Existing assignment; not fully audited"
"Greater scaup","Waterfowl","Existing assignment; not fully audited"
"Greater spotted eagle","Raptors","Existing assignment; not fully audited"
"Greater white-fronted goose","Waterfowl","Existing assignment; not fully audited"
"Greater yellowlegs","Shorebirds","Existing assignment; not fully audited"
"Grebes","Seabirds","Existing assignment; not fully audited"
"Green heron","Wading birds","Existing assignment; not fully audited"
"Green iguana","Reptiles & amphibians","Reviewed 2026-09-18"
"Green-tailed towhee","Perching birds","Existing assignment; not fully audited"
"Green-winged teal","Waterfowl","Existing assignment; not fully audited"
"Greenish warbler","Perching birds","Existing assignment; not fully audited"
"Grey-headed flying fox","Other mammals","Existing assignment; not fully audited"
"Ground squirrels","Other mammals","Existing assignment; not fully audited"
"Grouse","Upland game birds","Existing assignment; not fully audited"
"Gull-billed tern","Gulls & terns","Existing assignment; not fully audited"
"Gulls","Gulls & terns","Existing assignment; not fully audited"
"Gulls, terns, kittiwakes","Gulls & terns","Existing assignment; not fully audited"
"Gunnison's prairie dog","Other mammals","Existing assignment; not fully audited"
"Gyrfalcon","Raptors","Existing assignment; not fully audited"
"Hairy woodpecker","Other birds","Existing assignment; not fully audited"
"Hammond's flycatcher","Perching birds","Existing assignment; not fully audited"
"Hares","Other mammals","Existing assignment; not fully audited"
"Harlequin duck","Waterfowl","Existing assignment; not fully audited"
"Harris's hawk","Raptors","Existing assignment; not fully audited"
"Harris's sparrow","Perching birds","Existing assignment; not fully audited"
"Hawaiian duck","Waterfowl","Existing assignment; not fully audited"
"Hawaiian goose","Waterfowl","Existing assignment; not fully audited"
"Hawaiian hawk","Raptors","Existing assignment; not fully audited"
"Hawaiian petrel","Seabirds","Existing assignment; not fully audited"
"Hawks","Raptors","Existing assignment; not fully audited"
"Heermann's gull","Gulls & terns","Existing assignment; not fully audited"
"Helmeted guineafowl","Upland game birds","Reviewed 2026-09-18"
"Hermit thrush","Perching birds","Existing assignment; not fully audited"
"Hermit warbler","Perching birds","Existing assignment; not fully audited"
"Herons","Wading birds","Existing assignment; not fully audited"
"Herons, egrets, bitterns","Wading birds","Existing assignment; not fully audited"
"Herring gull","Gulls & terns","Existing assignment; not fully audited"
"Hispaniolan mastiff bat","Bats","Existing assignment; not fully audited"
"Hoary bat","Bats","Existing assignment; not fully audited"
"Hooded crow","Corvids","Existing assignment; not fully audited"
"Hooded merganser","Waterfowl","Existing assignment; not fully audited"
"Hooded oriole","Perching birds","Existing assignment; not fully audited"
"Hooded warbler","Perching birds","Existing assignment; not fully audited"
"Horned grebe","Seabirds","Existing assignment; not fully audited"
"Horned lark","Perching birds","Existing assignment; not fully audited"
"Horned puffin","Seabirds","Existing assignment; not fully audited"
"Horse","Other mammals","Reviewed 2026-09-18"
"House finch","Perching birds","Existing assignment; not fully audited"
"House sparrow","Perching birds","Existing assignment; not fully audited"
"Hudsonian godwit","Shorebirds","Existing assignment; not fully audited"
"Hume's short-toed lark","Perching birds","Existing assignment; not fully audited"
"Hummingbirds","Other birds","Existing assignment; not fully audited"
"Ibises","Wading birds","Reviewed 2026-09-18"
"Iceland gull","Gulls & terns","Existing assignment; not fully audited"
"Iguanas","Reptiles & amphibians","Reviewed 2026-09-18"
"Inca dove","Doves & pigeons","Existing assignment; not fully audited"
"Indian flying fox","Other mammals","Existing assignment; not fully audited"
"Indian pipistrelle","Bats","Reviewed 2026-09-18"
"Indian silverbill","Perching birds","Reviewed 2026-09-18"
"Indiana bat","Bats","Existing assignment; not fully audited"
"Indigo bunting","Perching birds","Existing assignment; not fully audited"
"Island canary","Perching birds","Reviewed 2026-09-18"
"Jamaican fruit bat","Bats","Existing assignment; not fully audited"
"Japanese white-eye","Perching birds","Reviewed 2026-09-18"
"Java sparrow","Perching birds","Existing assignment; not fully audited"
"Kelaart's pipistrelle","Bats","Reviewed 2026-09-18"
"Kentish plover","Shorebirds","Existing assignment; not fully audited"
"Kentucky warbler","Perching birds","Existing assignment; not fully audited"
"Killdeer","Shorebirds","Existing assignment; not fully audited"
"King rail","Wading birds","Reviewed 2026-09-18"
"Kingfishers","Other birds","Existing assignment; not fully audited"
"Kirtland's warbler","Perching birds","Existing assignment; not fully audited"
"Kit fox","Other mammals","Existing assignment; not fully audited"
"Kites","Raptors","Existing assignment; not fully audited"
"Kites, eagles, hawks","Raptors","Existing assignment; not fully audited"
"Kittiwakes","Gulls & terns","Existing assignment; not fully audited"
"Kuhl's pipistrelle","Bats","Reviewed 2026-09-18"
"Ladder-backed woodpecker","Other birds","Existing assignment; not fully audited"
"Lagomorphs (rabbits, hares)","Other mammals","Existing assignment; not fully audited"
"Lanceolated warbler","Perching birds","Existing assignment; not fully audited"
"Lapland longspur","Perching birds","Reviewed 2026-09-18"
"Lappet-faced vulture","Raptors","Existing assignment; not fully audited"
"Lapwings","Shorebirds","Reviewed 2026-09-18"
"Lark bunting","Perching birds","Existing assignment; not fully audited"
"Lark sparrow","Perching birds","Existing assignment; not fully audited"
"Larks","Perching birds","Reviewed 2026-09-18"
"Laughing gull","Gulls & terns","Existing assignment; not fully audited"
"Lawrence's goldfinch","Perching birds","Existing assignment; not fully audited"
"Lawrence's warbler","Perching birds","Existing assignment; not fully audited"
"Laysan albatross","Seabirds","Existing assignment; not fully audited"
"Lazuli bunting","Perching birds","Existing assignment; not fully audited"
"Least bittern","Wading birds","Existing assignment; not fully audited"
"Least flycatcher","Perching birds","Existing assignment; not fully audited"
"Least sandpiper","Shorebirds","Existing assignment; not fully audited"
"Least tern","Gulls & terns","Existing assignment; not fully audited"
"Least weasel","Other mammals","Existing assignment; not fully audited"
"LeConte's sparrow","Perching birds","Existing assignment; not fully audited"
"Leschenault's rousette","Bats","Reviewed 2026-09-18"
"Lesser black-backed gull","Gulls & terns","Existing assignment; not fully audited"
"Lesser bulldog bat","Bats","Existing assignment; not fully audited"
"Lesser goldfinch","Perching birds","Existing assignment; not fully audited"
"Lesser nighthawk","Other birds","Existing assignment; not fully audited"
"Lesser scaup","Waterfowl","Existing assignment; not fully audited"
"Lesser whitethroat","Perching birds","Reviewed 2026-09-18"
"Lesser yellowlegs","Shorebirds","Existing assignment; not fully audited"
"Lilac-crowned parrot","Other birds","Reviewed 2026-09-18"
"Limpkin","Wading birds","Reviewed 2026-09-18"
"Lincoln's sparrow","Perching birds","Existing assignment; not fully audited"
"Lined snake","Reptiles & amphibians","Existing assignment; not fully audited"
"Little blue heron","Wading birds","Existing assignment; not fully audited"
"Little brown bat","Bats","Existing assignment; not fully audited"
"Little owl","Raptors","Existing assignment; not fully audited"
"Little red flying fox","Other mammals","Existing assignment; not fully audited"
"Little swift","Other birds","Existing assignment; not fully audited"
"Little tern","Gulls & terns","Existing assignment; not fully audited"
"Loggerhead kingbird","Perching birds","Existing assignment; not fully audited"
"Loggerhead shrike","Perching birds","Existing assignment; not fully audited"
"Long-billed curlew","Shorebirds","Existing assignment; not fully audited"
"Long-billed dowitcher","Shorebirds","Reviewed 2026-09-18"
"Long-billed thrasher","Perching birds","Existing assignment; not fully audited"
"Long-eared myotis","Bats","Reviewed 2026-09-18"
"Long-eared owl","Raptors","Existing assignment; not fully audited"
"Long-legged myotis","Bats","Existing assignment; not fully audited"
"Long-nosed snake","Reptiles & amphibians","Existing assignment; not fully audited"
"Long-tailed duck","Waterfowl","Existing assignment; not fully audited"
"Long-tailed jaeger","Gulls & terns","Existing assignment; not fully audited"
"Long-tailed weasel","Other mammals","Existing assignment; not fully audited"
"Longspurs, snow buntings","Perching birds","Existing assignment; not fully audited"
"Loons","Seabirds","Existing assignment; not fully audited"
"Louisiana waterthrush","Perching birds","Existing assignment; not fully audited"
"MacGillivray's warbler","Perching birds","Existing assignment; not fully audited"
"Magnificent frigatebird","Seabirds","Reviewed 2026-09-18"
"Magnolia warbler","Perching birds","Existing assignment; not fully audited"
"Magpies","Corvids","Existing assignment; not fully audited"
"Mallard","Waterfowl","Existing assignment; not fully audited"
"Mallard/American black duck complex","Waterfowl","Existing assignment; not fully audited"
"Mallard/mottled duck complex","Waterfowl","Existing assignment; not fully audited"
"Mammals","Other mammals","Existing assignment; not fully audited"
"Marbled godwit","Shorebirds","Existing assignment; not fully audited"
"Marbled murrelet","Seabirds","Existing assignment; not fully audited"
"Mariana kingfisher","Other birds","Existing assignment; not fully audited"
"Marmots","Other mammals","Existing assignment; not fully audited"
"Marsh rabbit","Other mammals","Existing assignment; not fully audited"
"Marsh wren","Perching birds","Existing assignment; not fully audited"
"Mauritian tomb bat","Bats","Existing assignment; not fully audited"
"McKay's bunting","Perching birds","Existing assignment; not fully audited"
"Meadow pipit","Perching birds","Reviewed 2026-09-18"
"Meadowlarks","Perching birds","Existing assignment; not fully audited"
"Medium egret","Wading birds","Existing assignment; not fully audited"
"Megabats","Bats","Existing assignment; not fully audited"
"Merlin","Raptors","Existing assignment; not fully audited"
"Microbats","Bats","Existing assignment; not fully audited"
"Milk snake","Reptiles & amphibians","Existing assignment; not fully audited"
"Mississippi kite","Raptors","Existing assignment; not fully audited"
"Mitred parakeet","Other birds","Reviewed 2026-09-18"
"Mockingbirds","Perching birds","Existing assignment; not fully audited"
"Mohave rattlesnake","Reptiles & amphibians","Reviewed 2026-09-18"
"Monk parakeet","Other birds","Reviewed 2026-09-18"
"Moose","Deer","Existing assignment; not fully audited"
"Morelet's seedeater","Perching birds","Reviewed 2026-09-18"
"Mottled duck","Waterfowl","Existing assignment; not fully audited"
"Mountain bluebird","Perching birds","Existing assignment; not fully audited"
"Mountain chickadee","Perching birds","Existing assignment; not fully audited"
"Mountain cottontail","Other mammals","Reviewed 2026-09-18"
"Mourning dove","Doves & pigeons","Existing assignment; not fully audited"
"Mourning warbler","Perching birds","Existing assignment; not fully audited"
"Mugimaki flycatcher","Perching birds","Existing assignment; not fully audited"
"Mule deer","Deer","Existing assignment; not fully audited"
"Munias","Perching birds","Reviewed 2026-09-18"
"Muscovy duck","Waterfowl","Existing assignment; not fully audited"
"Muskrat","Other mammals","Existing assignment; not fully audited"
"Mute swan","Waterfowl","Existing assignment; not fully audited"
"Mynas","Perching birds","Reviewed 2026-09-18"
"Nacunda nighthawk","Other birds","Existing assignment; not fully audited"
"Naked-rumped tomb bat","Bats","Existing assignment; not fully audited"
"Nanday parakeet","Other birds","Reviewed 2026-09-18"
"Nashville warbler","Perching birds","Existing assignment; not fully audited"
"Nelson's sparrow","Perching birds","Existing assignment; not fully audited"
"Neotropic cormorant","Seabirds","Existing assignment; not fully audited"
"New world porcupines","Other mammals","Existing assignment; not fully audited"
"New World quail","Upland game birds","Existing assignment; not fully audited"
"New world rats","Other mammals","Existing assignment; not fully audited"
"New World vultures","Raptors","Existing assignment; not fully audited"
"New World wood-warblers","Perching birds","Existing assignment; not fully audited"
"Newell's shearwater","Seabirds","Existing assignment; not fully audited"
"Nightjars","Other birds","Existing assignment; not fully audited"
"Nine-banded armadillo","Other mammals","Existing assignment; not fully audited"
"Noddies","Gulls & terns","Reviewed 2026-09-18"
"North American beaver","Other mammals","Existing assignment; not fully audited"
"North American porcupine","Other mammals","Existing assignment; not fully audited"
"Northern bobwhite","Upland game birds","Reviewed 2026-09-18"
"Northern cardinal","Perching birds","Reviewed 2026-09-18"
"Northern flicker","Other birds","Existing assignment; not fully audited"
"Northern fulmar","Seabirds","Reviewed 2026-09-18"
"Northern gannet","Seabirds","Existing assignment; not fully audited"
"Northern harrier","Raptors","Existing assignment; not fully audited"
"Northern hawk owl","Raptors","Existing assignment; not fully audited"
"Northern house wren","Perching birds","Existing assignment; not fully audited"
"Northern lapwing","Shorebirds","Reviewed 2026-09-18"
"Northern map turtle","Reptiles & amphibians","Existing assignment; not fully audited"
"Northern mockingbird","Perching birds","Existing assignment; not fully audited"
"Northern parula","Perching birds","Reviewed 2026-09-18"
"Northern pintail","Waterfowl","Existing assignment; not fully audited"
"Northern pygmy-owl","Raptors","Existing assignment; not fully audited"
"Northern rough-winged swallow","Perching birds","Existing assignment; not fully audited"
"Northern saw-whet owl","Raptors","Existing assignment; not fully audited"
"Northern shoveler","Waterfowl","Existing assignment; not fully audited"
"Northern shrike","Perching birds","Existing assignment; not fully audited"
"Northern water snake","Reptiles & amphibians","Existing assignment; not fully audited"
"Northern waterthrush","Perching birds","Existing assignment; not fully audited"
"Northern yellow bat","Bats","Existing assignment; not fully audited"
"Nuthatches","Perching birds","Existing assignment; not fully audited"
"Old World vultures","Raptors","Existing assignment; not fully audited"
"Old World warblers","Perching birds","Existing assignment; not fully audited"
"Olivaceous elaenia","Perching birds","Reviewed 2026-09-18"
"Olive sparrow","Perching birds","Existing assignment; not fully audited"
"Olive-backed pipit","Perching birds","Reviewed 2026-09-18"
"Olive-sided flycatcher","Perching birds","Existing assignment; not fully audited"
"Olive-throated parakeet","Other birds","Reviewed 2026-09-18"
"Orange-crowned warbler","Perching birds","Existing assignment; not fully audited"
"Orchard oriole","Perching birds","Existing assignment; not fully audited"
"Oriental plover","Shorebirds","Existing assignment; not fully audited"
"Oriental turtle dove","Reptiles & amphibians","Existing assignment; not fully audited"
"Orioles","Perching birds","Existing assignment; not fully audited"
"Ornate box turtle","Reptiles & amphibians","Existing assignment; not fully audited"
"Osprey","Raptors","Existing assignment; not fully audited"
"Ovenbird","Perching birds","Reviewed 2026-09-18"
"Owls","Raptors","Existing assignment; not fully audited"
"Oystercatchers","Shorebirds","Existing assignment; not fully audited"
"Pacific flying fox","Other mammals","Existing assignment; not fully audited"
"Pacific golden-plover","Shorebirds","Existing assignment; not fully audited"
"Pacific loon","Seabirds","Existing assignment; not fully audited"
"Pacific wren","Perching birds","Existing assignment; not fully audited"
"Painted bunting","Perching birds","Existing assignment; not fully audited"
"Painted turtle","Reptiles & amphibians","Existing assignment; not fully audited"
"Pallas's long-tongued bat","Bats","Existing assignment; not fully audited"
"Pallas's mastiff bat","Bats","Existing assignment; not fully audited"
"Pallid swift","Other birds","Existing assignment; not fully audited"
"Palm warbler","Perching birds","Existing assignment; not fully audited"
"Parakeets","Other birds","Reviewed 2026-09-18"
"Parasitic jaeger","Gulls & terns","Existing assignment; not fully audited"
"Parrots","Other birds","Reviewed 2026-09-18"
"Partridges","Upland game birds","Existing assignment; not fully audited"
"Pearly-eyed thrasher","Perching birds","Existing assignment; not fully audited"
"Peccaries","Other mammals","Reviewed 2026-09-18"
"Pectoral sandpiper","Shorebirds","Existing assignment; not fully audited"
"Pelagic cormorant","Seabirds","Existing assignment; not fully audited"
"Pelicans","Seabirds","Existing assignment; not fully audited"
"Perching birds (y)","Perching birds","Existing assignment; not fully audited"
"Perching birds (z)","Perching birds","Existing assignment; not fully audited"
"Peregrine falcon","Raptors","Existing assignment; not fully audited"
"Peters's short-nosed fruit bat","Bats","Existing assignment; not fully audited"
"Pheasants","Upland game birds","Existing assignment; not fully audited"
"Philadelphia vireo","Perching birds","Existing assignment; not fully audited"
"Philippine collared dove","Doves & pigeons","Existing assignment; not fully audited"
"Philippine duck","Waterfowl","Existing assignment; not fully audited"
"Picazuro pigeon","Doves & pigeons","Existing assignment; not fully audited"
"Pied-billed grebe","Seabirds","Existing assignment; not fully audited"
"Pigeon guillemot","Doves & pigeons","Existing assignment; not fully audited"
"Pigeons","Doves & pigeons","Existing assignment; not fully audited"
"Pigeons, doves","Doves & pigeons","Existing assignment; not fully audited"
"Pileated woodpecker","Other birds","Existing assignment; not fully audited"
"Pin-tailed snipe","Shorebirds","Existing assignment; not fully audited"
"Pine grosbeak","Perching birds","Existing assignment; not fully audited"
"Pine siskin","Perching birds","Reviewed 2026-09-18"
"Pine warbler","Perching birds","Existing assignment; not fully audited"
"Piping plover","Shorebirds","Existing assignment; not fully audited"
"Piute ground squirrel","Other mammals","Existing assignment; not fully audited"
"Plains garter snake","Reptiles & amphibians","Existing assignment; not fully audited"
"Plovers","Shorebirds","Existing assignment; not fully audited"
"Plovers, lapwings","Shorebirds","Existing assignment; not fully audited"
"Pocket gophers","Other mammals","Existing assignment; not fully audited"
"Pocketed free-tailed bat","Bats","Existing assignment; not fully audited"
"Pond slider","Reptiles & amphibians","Reviewed 2026-09-18"
"Prairie dogs","Other mammals","Existing assignment; not fully audited"
"Prairie dogs, marmots, squirrels","Other mammals","Existing assignment; not fully audited"
"Prairie falcon","Raptors","Existing assignment; not fully audited"
"Prairie rattlesnake","Reptiles & amphibians","Reviewed 2026-09-18"
"Prairie warbler","Perching birds","Existing assignment; not fully audited"
"Pronghorn","Deer","Existing assignment; not fully audited"
"Prothonotary warbler","Perching birds","Existing assignment; not fully audited"
"Ptarmigans","Upland game birds","Existing assignment; not fully audited"
"Purple finch","Perching birds","Existing assignment; not fully audited"
"Purple gallinule","Wading birds","Reviewed 2026-09-18"
"Purple heron","Wading birds","Existing assignment; not fully audited"
"Purple martin","Perching birds","Existing assignment; not fully audited"
"Purple sandpiper","Shorebirds","Existing assignment; not fully audited"
"Pygmy nuthatch","Perching birds","Existing assignment; not fully audited"
"Quails, pheasants","Upland game birds","Existing assignment; not fully audited"
"Rabbits","Other mammals","Existing assignment; not fully audited"
"Raccoon","Other mammals","Existing assignment; not fully audited"
"Rails","Wading birds","Reviewed 2026-09-18"
"Rainbow lorikeet","Other birds","Reviewed 2026-09-18"
"Raptors: Hawks, eagles, vultures, kites, osprey, falcons, caracaras","Raptors","Existing assignment; not fully audited"
"Ravens","Corvids","Existing assignment; not fully audited"
"Red avadavat","Perching birds","Reviewed 2026-09-18"
"Red crossbill","Perching birds","Reviewed 2026-09-18"
"Red fox","Other mammals","Existing assignment; not fully audited"
"Red knot","Shorebirds","Reviewed 2026-09-18"
"Red phalarope","Shorebirds","Reviewed 2026-09-18"
"Red-bellied woodpecker","Other birds","Existing assignment; not fully audited"
"Red-billed pigeon","Doves & pigeons","Existing assignment; not fully audited"
"Red-breasted merganser","Waterfowl","Existing assignment; not fully audited"
"Red-breasted nuthatch","Perching birds","Existing assignment; not fully audited"
"Red-breasted sapsucker","Other birds","Existing assignment; not fully audited"
"Red-crested cardinal","Perching birds","Reviewed 2026-09-18"
"Red-crowned amazon","Other birds","Reviewed 2026-09-18"
"Red-eyed vireo","Perching birds","Existing assignment; not fully audited"
"Red-footed booby","Seabirds","Existing assignment; not fully audited"
"Red-headed woodpecker","Other birds","Existing assignment; not fully audited"
"Red-legged kittiwake","Gulls & terns","Existing assignment; not fully audited"
"Red-legged partridge","Upland game birds","Existing assignment; not fully audited"
"Red-masked parakeet","Other birds","Reviewed 2026-09-18"
"Red-naped sapsucker","Other birds","Existing assignment; not fully audited"
"Red-necked grebe","Seabirds","Existing assignment; not fully audited"
"Red-necked phalarope","Shorebirds","Reviewed 2026-09-18"
"Red-necked stint","Shorebirds","Reviewed 2026-09-18"
"Red-shouldered hawk","Raptors","Existing assignment; not fully audited"
"Red-tailed hawk","Raptors","Existing assignment; not fully audited"
"Red-tailed tropicbird","Seabirds","Reviewed 2026-09-18"
"Red-throated loon","Seabirds","Existing assignment; not fully audited"
"Red-vented bulbul","Perching birds","Reviewed 2026-09-18"
"Red-wattled lapwing","Shorebirds","Reviewed 2026-09-18"
"Red-winged blackbird","Perching birds","Existing assignment; not fully audited"
"Reddish egret","Wading birds","Existing assignment; not fully audited"
"Redhead","Waterfowl","Reviewed 2026-09-18"
"Redpoll","Perching birds","Reviewed 2026-09-18"
"Redwing","Perching birds","Reviewed 2026-09-18"
"Reptiles","Reptiles & amphibians","Reviewed 2026-09-18"
"Richardson's ground squirrel","Other mammals","Existing assignment; not fully audited"
"Ring-billed gull","Gulls & terns","Existing assignment; not fully audited"
"Ring-necked duck","Waterfowl","Existing assignment; not fully audited"
"Ring-necked pheasant","Upland game birds","Existing assignment; not fully audited"
"River cooter","Reptiles & amphibians","Reviewed 2026-09-18"
"River otter","Other mammals","Existing assignment; not fully audited"
"Rock pigeon","Doves & pigeons","Existing assignment; not fully audited"
"Rock ptarmigan","Upland game birds","Existing assignment; not fully audited"
"Rock sandpiper","Shorebirds","Existing assignment; not fully audited"
"Rock wren","Perching birds","Existing assignment; not fully audited"
"Rodents","Other mammals","Existing assignment; not fully audited"
"Rook","Corvids","Reviewed 2026-09-18"
"Rose-breasted grosbeak","Perching birds","Existing assignment; not fully audited"
"Rose-ringed parakeet","Other birds","Reviewed 2026-09-18"
"Roseate spoonbill","Wading birds","Existing assignment; not fully audited"
"Roseate tern","Gulls & terns","Existing assignment; not fully audited"
"Ross's goose","Waterfowl","Existing assignment; not fully audited"
"Rough-legged hawk","Raptors","Existing assignment; not fully audited"
"Royal tern","Gulls & terns","Existing assignment; not fully audited"
"Ruby-crowned kinglet","Perching birds","Existing assignment; not fully audited"
"Ruby-throated hummingbird","Other birds","Existing assignment; not fully audited"
"Ruddy duck","Waterfowl","Existing assignment; not fully audited"
"Ruddy ground dove","Doves & pigeons","Existing assignment; not fully audited"
"Ruddy turnstone","Shorebirds","Reviewed 2026-09-18"
"Ruffed grouse","Upland game birds","Existing assignment; not fully audited"
"Rufous hummingbird","Other birds","Existing assignment; not fully audited"
"Rufous-necked wood rail","Wading birds","Reviewed 2026-09-18"
"Rufous-tailed robin","Perching birds","Existing assignment; not fully audited"
"Rusty blackbird","Perching birds","Existing assignment; not fully audited"
"Sabine's gull","Gulls & terns","Existing assignment; not fully audited"
"Saffron finch","Perching birds","Existing assignment; not fully audited"
"Sage thrasher","Perching birds","Existing assignment; not fully audited"
"Sagebrush sparrow","Perching birds","Existing assignment; not fully audited"
"Sanderling","Shorebirds","Existing assignment; not fully audited"
"Sandhill crane","Wading birds","Existing assignment; not fully audited"
"Sandpipers, curlews, phalaropes, allies","Shorebirds","Existing assignment; not fully audited"
"Sandwich tern","Gulls & terns","Existing assignment; not fully audited"
"Savannah sparrow","Perching birds","Existing assignment; not fully audited"
"Say's phoebe","Perching birds","Existing assignment; not fully audited"
"Scaled quail","Upland game birds","Existing assignment; not fully audited"
"Scaly-breasted munia","Perching birds","Reviewed 2026-09-18"
"Scaly-naped pigeon","Doves & pigeons","Existing assignment; not fully audited"
"Scarlet tanager","Perching birds","Existing assignment; not fully audited"
"Scissor-tailed flycatcher","Perching birds","Existing assignment; not fully audited"
"Seaside sparrow","Perching birds","Existing assignment; not fully audited"
"Sedge wren","Perching birds","Existing assignment; not fully audited"
"Seminole bat","Bats","Existing assignment; not fully audited"
"Semipalmated plover","Shorebirds","Existing assignment; not fully audited"
"Semipalmated sandpiper","Shorebirds","Existing assignment; not fully audited"
"Sharp-shinned hawk","Raptors","Existing assignment; not fully audited"
"Sharp-tailed grouse","Upland game birds","Existing assignment; not fully audited"
"Sharp-tailed sandpiper","Shorebirds","Existing assignment; not fully audited"
"Shearwaters","Seabirds","Existing assignment; not fully audited"
"Shorebirds","Shorebirds","Reviewed 2026-09-18"
"Short-billed dowitcher","Shorebirds","Reviewed 2026-09-18"
"Short-billed gull","Gulls & terns","Existing assignment; not fully audited"
"Short-eared owl","Raptors","Existing assignment; not fully audited"
"Short-tailed hawk","Raptors","Existing assignment; not fully audited"
"Siberian sand-plover","Shorebirds","Existing assignment; not fully audited"
"Silver-haired bat","Bats","Existing assignment; not fully audited"
"Sinaloan mastiff bat","Bats","Existing assignment; not fully audited"
"Skunks","Other mammals","Existing assignment; not fully audited"
"Small Indian mongoose","Other mammals","Reviewed 2026-09-18"
"Smith's longspur","Perching birds","Reviewed 2026-09-18"
"Snakes","Reptiles & amphibians","Existing assignment; not fully audited"
"Snow bunting","Perching birds","Existing assignment; not fully audited"
"Snow goose","Waterfowl","Existing assignment; not fully audited"
"Snow goose/Ross's goose complex","Waterfowl","Existing assignment; not fully audited"
"Snowshoe hare","Other mammals","Existing assignment; not fully audited"
"Snowy egret","Wading birds","Existing assignment; not fully audited"
"Snowy owl","Raptors","Existing assignment; not fully audited"
"Snowy plover","Shorebirds","Existing assignment; not fully audited"
"Solitary sandpiper","Shorebirds","Existing assignment; not fully audited"
"Song sparrow","Perching birds","Existing assignment; not fully audited"
"Song thrush","Perching birds","Existing assignment; not fully audited"
"Sooty mustached bat","Bats","Existing assignment; not fully audited"
"Sooty tern","Gulls & terns","Existing assignment; not fully audited"
"Sora","Wading birds","Reviewed 2026-09-18"
"South American snipe","Shorebirds","Existing assignment; not fully audited"
"Southeastern myotis","Bats","Reviewed 2026-09-18"
"Southern lapwing","Shorebirds","Reviewed 2026-09-18"
"Sparrows","Perching birds","Existing assignment; not fully audited"
"Speckled pigeon","Doves & pigeons","Existing assignment; not fully audited"
"Spectacled caiman","Reptiles & amphibians","Reviewed 2026-09-18"
"Spiny softshell turtle","Reptiles & amphibians","Existing assignment; not fully audited"
"Spotted bat","Bats","Existing assignment; not fully audited"
"Spotted dove","Doves & pigeons","Existing assignment; not fully audited"
"Spotted flycatcher","Perching birds","Existing assignment; not fully audited"
"Spotted sandpiper","Shorebirds","Existing assignment; not fully audited"
"Spotted thick-knee","Shorebirds","Reviewed 2026-09-18"
"Spotted towhee","Perching birds","Existing assignment; not fully audited"
"Sprague's pipit","Perching birds","Reviewed 2026-09-18"
"Spruce grouse","Upland game birds","Existing assignment; not fully audited"
"Spur-winged lapwing","Shorebirds","Reviewed 2026-09-18"
"Squirrels","Other mammals","Existing assignment; not fully audited"
"Stilt sandpiper","Shorebirds","Existing assignment; not fully audited"
"Storm-petrels","Seabirds","Existing assignment; not fully audited"
"Striped mud turtle","Reptiles & amphibians","Existing assignment; not fully audited"
"Striped skunk","Other mammals","Existing assignment; not fully audited"
"Sulphur-bellied flycatcher","Perching birds","Existing assignment; not fully audited"
"Summer tanager","Perching birds","Existing assignment; not fully audited"
"Surf scoter","Waterfowl","Existing assignment; not fully audited"
"Surfbird","Shorebirds","Reviewed 2026-09-18"
"Swainson's hawk","Raptors","Existing assignment; not fully audited"
"Swainson's thrush","Perching birds","Existing assignment; not fully audited"
"Swainson's warbler","Perching birds","Existing assignment; not fully audited"
"Swallow-tailed kite","Raptors","Existing assignment; not fully audited"
"Swallows","Perching birds","Existing assignment; not fully audited"
"Swamp sparrow","Perching birds","Existing assignment; not fully audited"
"Swans","Waterfowl","Existing assignment; not fully audited"
"Swift, tree-swifts, hummingbirds","Other birds","Existing assignment; not fully audited"
"Swifts","Other birds","Existing assignment; not fully audited"
"Swine (pigs)","Other mammals","Existing assignment; not fully audited"
"Tennessee warbler","Perching birds","Existing assignment; not fully audited"
"Terns, noddies","Gulls & terns","Existing assignment; not fully audited"
"Texas blind snake","Reptiles & amphibians","Existing assignment; not fully audited"
"Thick-billed kingbird","Perching birds","Existing assignment; not fully audited"
"Thick-billed longspur","Perching birds","Reviewed 2026-09-18"
"Thirteen-lined ground squirrel","Other mammals","Existing assignment; not fully audited"
"Thrashers","Perching birds","Existing assignment; not fully audited"
"Thrushes","Perching birds","Existing assignment; not fully audited"
"Towhees","Perching birds","Existing assignment; not fully audited"
"Townsend's solitaire","Perching birds","Reviewed 2026-09-18"
"Townsend's warbler","Perching birds","Existing assignment; not fully audited"
"Tree pipit","Perching birds","Reviewed 2026-09-18"
"Tree swallow","Perching birds","Existing assignment; not fully audited"
"Tri-colored bat","Bats","Existing assignment; not fully audited"
"Tricolored blackbird","Perching birds","Existing assignment; not fully audited"
"Tricolored heron","Wading birds","Existing assignment; not fully audited"
"Tropical kingbird","Perching birds","Existing assignment; not fully audited"
"Tropical mockingbird","Perching birds","Existing assignment; not fully audited"
"Tropicbirds","Seabirds","Reviewed 2026-09-18"
"Trumpeter swan","Waterfowl","Existing assignment; not fully audited"
"Tufted titmouse","Perching birds","Existing assignment; not fully audited"
"Tundra swan","Waterfowl","Existing assignment; not fully audited"
"Turkey vulture","Raptors","Existing assignment; not fully audited"
"Turtles","Reptiles & amphibians","Existing assignment; not fully audited"
"Typical owls","Raptors","Existing assignment; not fully audited"
"Tyrant (New World) flycatchers","Perching birds","Existing assignment; not fully audited"
"Unknown bird","Unknown bird","Existing assignment; not fully audited"
"Unknown bird - large","Unknown bird","Existing assignment; not fully audited"
"Unknown bird - medium","Unknown bird","Existing assignment; not fully audited"
"Unknown bird - small","Unknown bird","Existing assignment; not fully audited"
"Unknown bird or bat","Unknown bird","Existing assignment; not fully audited"
"Unknown terrestrial mammal","Unknown","Existing assignment; not fully audited"
"Upland sandpiper","Shorebirds","Existing assignment; not fully audited"
"Varied thrush","Perching birds","Existing assignment; not fully audited"
"Vaux's swift","Other birds","Existing assignment; not fully audited"
"Veery","Perching birds","Reviewed 2026-09-18"
"Vega gull","Gulls & terns","Existing assignment; not fully audited"
"Vermilion Flycatcher","Perching birds","Existing assignment; not fully audited"
"Vesper bats","Bats","Existing assignment; not fully audited"
"Vesper sparrow","Perching birds","Existing assignment; not fully audited"
"Violet-green swallow","Perching birds","Existing assignment; not fully audited"
"Vireos","Perching birds","Existing assignment; not fully audited"
"Virginia opossum","Other mammals","Existing assignment; not fully audited"
"Virginia rail","Wading birds","Reviewed 2026-09-18"
"Virginia's warbler","Perching birds","Existing assignment; not fully audited"
"Wagner's bonneted bat","Bats","Existing assignment; not fully audited"
"Wapiti (elk)","Deer","Existing assignment; not fully audited"
"Warbling vireo","Perching birds","Existing assignment; not fully audited"
"Water moccasin","Reptiles & amphibians","Reviewed 2026-09-18"
"Waxbills, mannikins, parrotfinches","Perching birds","Existing assignment; not fully audited"
"Wedge-tailed eagle","Raptors","Existing assignment; not fully audited"
"Wedge-tailed shearwater","Seabirds","Existing assignment; not fully audited"
"Western barn owl","Raptors","Existing assignment; not fully audited"
"Western bluebird","Perching birds","Existing assignment; not fully audited"
"Western cattle egret","Wading birds","Existing assignment; not fully audited"
"Western diamondback rattlesnake","Reptiles & amphibians","Reviewed 2026-09-18"
"Western flycatcher","Perching birds","Existing assignment; not fully audited"
"Western fox snake","Other mammals","Existing assignment; not fully audited"
"Western grebe","Seabirds","Existing assignment; not fully audited"
"Western gull","Gulls & terns","Existing assignment; not fully audited"
"Western hognose snake","Reptiles & amphibians","Existing assignment; not fully audited"
"Western house-martin","Perching birds","Existing assignment; not fully audited"
"Western kingbird","Perching birds","Existing assignment; not fully audited"
"Western marsh harrier","Raptors","Existing assignment; not fully audited"
"Western mastiff bat","Bats","Existing assignment; not fully audited"
"Western meadowlark","Perching birds","Existing assignment; not fully audited"
"Western pipistrelle","Bats","Reviewed 2026-09-18"
"Western rat snake","Other mammals","Existing assignment; not fully audited"
"Western red bat","Bats","Existing assignment; not fully audited"
"Western ribbon snake","Reptiles & amphibians","Existing assignment; not fully audited"
"Western sandpiper","Shorebirds","Existing assignment; not fully audited"
"Western screech-owl","Raptors","Existing assignment; not fully audited"
"Western small-footed myotis","Bats","Reviewed 2026-09-18"
"Western tanager","Perching birds","Existing assignment; not fully audited"
"Western wood-pewee","Perching birds","Reviewed 2026-09-18"
"Western yellow bat","Bats","Existing assignment; not fully audited"
"Western/Clark's grebe complex","Seabirds","Existing assignment; not fully audited"
"Whimbrel","Shorebirds","Reviewed 2026-09-18"
"Whiskered tern","Gulls & terns","Existing assignment; not fully audited"
"White ibis","Wading birds","Existing assignment; not fully audited"
"White stork","Wading birds","Existing assignment; not fully audited"
"White-/golden-crown sparrow complex","Perching birds","Existing assignment; not fully audited"
"White-bellied sea-eagle","Raptors","Existing assignment; not fully audited"
"White-breasted nuthatch","Perching birds","Existing assignment; not fully audited"
"White-crested elaenia","Perching birds","Reviewed 2026-09-18"
"White-crowned pigeon","Doves & pigeons","Existing assignment; not fully audited"
"White-crowned sparrow","Perching birds","Existing assignment; not fully audited"
"White-eyed vireo","Perching birds","Existing assignment; not fully audited"
"White-faced ibis","Wading birds","Existing assignment; not fully audited"
"White-fronted Swift","Other birds","Existing assignment; not fully audited"
"White-headed gull complex","Gulls & terns","Existing assignment; not fully audited"
"White-nosed coati","Other mammals","Reviewed 2026-09-18"
"White-rumped sandpiper","Shorebirds","Existing assignment; not fully audited"
"White-tailed deer","Deer","Existing assignment; not fully audited"
"White-tailed hawk","Raptors","Existing assignment; not fully audited"
"White-tailed jackrabbit","Other mammals","Reviewed 2026-09-18"
"White-tailed kite","Raptors","Existing assignment; not fully audited"
"White-tailed prairie dog","Other mammals","Existing assignment; not fully audited"
"White-tailed tropicbird","Seabirds","Reviewed 2026-09-18"
"White-throated sparrow","Perching birds","Existing assignment; not fully audited"
"White-throated swift","Other birds","Existing assignment; not fully audited"
"White-tufted grebe","Seabirds","Existing assignment; not fully audited"
"White-winged crossbill","Perching birds","Reviewed 2026-09-18"
"White-winged dove","Doves & pigeons","Existing assignment; not fully audited"
"White-winged scoter","Waterfowl","Existing assignment; not fully audited"
"White-winged swallow","Perching birds","Existing assignment; not fully audited"
"White-winged tern","Gulls & terns","Existing assignment; not fully audited"
"White's thrush","Perching birds","Existing assignment; not fully audited"
"Whooping crane","Wading birds","Existing assignment; not fully audited"
"Wild turkey","Upland game birds","Existing assignment; not fully audited"
"Willet","Shorebirds","Existing assignment; not fully audited"
"Willow flycatcher","Perching birds","Existing assignment; not fully audited"
"Willow ptarmigan","Upland game birds","Existing assignment; not fully audited"
"Wilson's phalarope","Shorebirds","Reviewed 2026-09-18"
"Wilson's plover","Shorebirds","Existing assignment; not fully audited"
"Wilson's snipe","Shorebirds","Existing assignment; not fully audited"
"Wilson's warbler","Perching birds","Existing assignment; not fully audited"
"Wilson/Common snipe complex","Shorebirds","Existing assignment; not fully audited"
"Winter wren","Perching birds","Existing assignment; not fully audited"
"Wood duck","Waterfowl","Existing assignment; not fully audited"
"Wood sandpiper","Shorebirds","Existing assignment; not fully audited"
"Wood stork","Wading birds","Existing assignment; not fully audited"
"Wood thrush","Perching birds","Existing assignment; not fully audited"
"Woodchuck","Other mammals","Existing assignment; not fully audited"
"Woodpeckers","Other birds","Existing assignment; not fully audited"
"Worm-eating warbler","Perching birds","Existing assignment; not fully audited"
"Wrens","Perching birds","Existing assignment; not fully audited"
"Wrentit","Perching birds","Existing assignment; not fully audited"
"Yellow bittern","Wading birds","Existing assignment; not fully audited"
"Yellow rail","Wading birds","Reviewed 2026-09-18"
"Yellow warbler","Perching birds","Existing assignment; not fully audited"
"Yellow-bellied flycatcher","Perching birds","Existing assignment; not fully audited"
"Yellow-bellied marmot","Other mammals","Existing assignment; not fully audited"
"Yellow-bellied sapsucker","Other birds","Existing assignment; not fully audited"
"Yellow-billed cuckoo","Other birds","Existing assignment; not fully audited"
"Yellow-billed magpie","Corvids","Existing assignment; not fully audited"
"Yellow-breasted chat","Perching birds","Reviewed 2026-09-18"
"Yellow-browed warbler","Perching birds","Existing assignment; not fully audited"
"Yellow-chevroned parakeet","Other birds","Reviewed 2026-09-18"
"Yellow-crowned night heron","Wading birds","Existing assignment; not fully audited"
"Yellow-fronted canary","Perching birds","Reviewed 2026-09-18"
"Yellow-headed blackbird","Perching birds","Existing assignment; not fully audited"
"Yellow-headed caracara","Raptors","Existing assignment; not fully audited"
"Yellow-legged gull","Gulls & terns","Existing assignment; not fully audited"
"Yellow-rumped warbler","Perching birds","Existing assignment; not fully audited"
"Yellow-throated vireo","Perching birds","Existing assignment; not fully audited"
"Yellow-throated warbler","Perching birds","Existing assignment; not fully audited"
"Yuma myotis","Bats","Reviewed 2026-09-18"
"Zebra dove","Doves & pigeons","Existing assignment; not fully audited"
"Zenaida dove","Doves & pigeons","Existing assignment; not fully audited"
