"INCIDENT_YEAR","MONTH_NAME","strikes"
1990,"Jan",38
1990,"Feb",28
1990,"Mar",29
1990,"Apr",59
1990,"May",217
1990,"Jun",220
1990,"Jul",269
1990,"Aug",272
1990,"Sep",326
1990,"Oct",337
1990,"Nov",209
1990,"Dec",116
1991,"Jan",112
1991,"Feb",97
1991,"Mar",169
1991,"Apr",184
1991,"May",238
1991,"Jun",162
1991,"Jul",247
1991,"Aug",297
1991,"Sep",333
1991,"Oct",306
1991,"Nov",235
1991,"Dec",135
1992,"Jan",116
1992,"Feb",115
1992,"Mar",150
1992,"Apr",167
1992,"May",257
1992,"Jun",225
1992,"Jul",265
1992,"Aug",392
1992,"Sep",347
1992,"Oct",298
1992,"Nov",193
1992,"Dec",127
1993,"Jan",137
1993,"Feb",115
1993,"Mar",156
1993,"Apr",204
1993,"May",222
1993,"Jun",193
1993,"Jul",271
1993,"Aug",332
1993,"Sep",395
1993,"Oct",296
1993,"Nov",163
1993,"Dec",141
1994,"Jan",121
1994,"Feb",96
1994,"Mar",155
1994,"Apr",175
1994,"May",205
1994,"Jun",177
1994,"Jul",278
1994,"Aug",366
1994,"Sep",370
1994,"Oct",342
1994,"Nov",275
1994,"Dec",147
1995,"Jan",124
1995,"Feb",84
1995,"Mar",185
1995,"Apr",181
1995,"May",241
1995,"Jun",217
1995,"Jul",299
1995,"Aug",348
1995,"Sep",340
1995,"Oct",394
1995,"Nov",259
1995,"Dec",155
1996,"Jan",128
1996,"Feb",116
1996,"Mar",165
1996,"Apr",178
1996,"May",287
1996,"Jun",237
1996,"Jul",305
1996,"Aug",376
1996,"Sep",397
1996,"Oct",388
1996,"Nov",275
1996,"Dec",179
1997,"Jan",140
1997,"Feb",140
1997,"Mar",230
1997,"Apr",245
1997,"May",306
1997,"Jun",274
1997,"Jul",341
1997,"Aug",485
1997,"Sep",467
1997,"Oct",463
1997,"Nov",291
1997,"Dec",178
1998,"Jan",175
1998,"Feb",174
1998,"Mar",233
1998,"Apr",239
1998,"May",278
1998,"Jun",230
1998,"Jul",384
1998,"Aug",540
1998,"Sep",551
1998,"Oct",535
1998,"Nov",297
1998,"Dec",172
1999,"Jan",204
1999,"Feb",186
1999,"Mar",287
1999,"Apr",355
1999,"May",454
1999,"Jun",304
1999,"Jul",521
1999,"Aug",635
1999,"Sep",672
1999,"Oct",762
1999,"Nov",461
1999,"Dec",277
2000,"Jan",208
2000,"Feb",233
2000,"Mar",289
2000,"Apr",423
2000,"May",522
2000,"Jun",443
2000,"Jul",709
2000,"Aug",826
2000,"Sep",886
2000,"Oct",777
2000,"Nov",467
2000,"Dec",245
2001,"Jan",245
2001,"Feb",209
2001,"Mar",344
2001,"Apr",504
2001,"May",568
2001,"Jun",516
2001,"Jul",773
2001,"Aug",822
2001,"Sep",638
2001,"Oct",646
2001,"Nov",347
2001,"Dec",218
2002,"Jan",234
2002,"Feb",200
2002,"Mar",288
2002,"Apr",475
2002,"May",644
2002,"Jun",515
2002,"Jul",756
2002,"Aug",799
2002,"Sep",770
2002,"Oct",804
2002,"Nov",499
2002,"Dec",239
2003,"Jan",218
2003,"Feb",181
2003,"Mar",282
2003,"Apr",394
2003,"May",565
2003,"Jun",504
2003,"Jul",680
2003,"Aug",811
2003,"Sep",833
2003,"Oct",759
2003,"Nov",491
2003,"Dec",274
2004,"Jan",255
2004,"Feb",210
2004,"Mar",363
2004,"Apr",462
2004,"May",591
2004,"Jun",590
2004,"Jul",782
2004,"Aug",911
2004,"Sep",875
2004,"Oct",858
2004,"Nov",444
2004,"Dec",271
2005,"Jan",247
2005,"Feb",229
2005,"Mar",396
2005,"Apr",506
2005,"May",737
2005,"Jun",539
2005,"Jul",770
2005,"Aug",983
2005,"Sep",1051
2005,"Oct",995
2005,"Nov",476
2005,"Dec",343
2006,"Jan",291
2006,"Feb",238
2006,"Mar",380
2006,"Apr",546
2006,"May",774
2006,"Jun",569
2006,"Jul",869
2006,"Aug",1033
2006,"Sep",912
2006,"Oct",791
2006,"Nov",573
2006,"Dec",318
2007,"Jan",267
2007,"Feb",242
2007,"Mar",422
2007,"Apr",596
2007,"May",788
2007,"Jun",593
2007,"Jul",986
2007,"Aug",974
2007,"Sep",1022
2007,"Oct",946
2007,"Nov",528
2007,"Dec",386
2008,"Jan",282
2008,"Feb",242
2008,"Mar",368
2008,"Apr",561
2008,"May",725
2008,"Jun",615
2008,"Jul",1074
2008,"Aug",1088
2008,"Sep",968
2008,"Oct",850
2008,"Nov",523
2008,"Dec",343
2009,"Jan",263
2009,"Feb",274
2009,"Mar",494
2009,"Apr",742
2009,"May",959
2009,"Jun",785
2009,"Jul",1254
2009,"Aug",1341
2009,"Sep",1263
2009,"Oct",1216
2009,"Nov",550
2009,"Dec",368
2010,"Jan",310
2010,"Feb",252
2010,"Mar",479
2010,"Apr",646
2010,"May",874
2010,"Jun",818
2010,"Jul",1462
2010,"Aug",1547
2010,"Sep",1333
2010,"Oct",1144
2010,"Nov",657
2010,"Dec",379
2011,"Jan",361
2011,"Feb",280
2011,"Mar",433
2011,"Apr",762
2011,"May",951
2011,"Jun",859
2011,"Jul",1295
2011,"Aug",1398
2011,"Sep",1390
2011,"Oct",1296
2011,"Nov",715
2011,"Dec",372
2012,"Jan",312
2012,"Feb",363
2012,"Mar",544
2012,"Apr",781
2012,"May",1054
2012,"Jun",1139
2012,"Jul",1480
2012,"Aug",1463
2012,"Sep",1447
2012,"Oct",1335
2012,"Nov",622
2012,"Dec",396
2013,"Jan",336
2013,"Feb",300
2013,"Mar",434
2013,"Apr",788
2013,"May",1145
2013,"Jun",1023
2013,"Jul",1454
2013,"Aug",1640
2013,"Sep",1503
2013,"Oct",1534
2013,"Nov",793
2013,"Dec",455
2014,"Jan",338
2014,"Feb",349
2014,"Mar",512
2014,"Apr",885
2014,"May",1306
2014,"Jun",1193
2014,"Jul",1869
2014,"Aug",1996
2014,"Sep",2015
2014,"Oct",1922
2014,"Nov",829
2014,"Dec",477
2015,"Jan",399
2015,"Feb",407
2015,"Mar",647
2015,"Apr",1073
2015,"May",1387
2015,"Jun",1175
2015,"Jul",1810
2015,"Aug",1940
2015,"Sep",1774
2015,"Oct",1680
2015,"Nov",955
2015,"Dec",530
2016,"Jan",473
2016,"Feb",468
2016,"Mar",607
2016,"Apr",1000
2016,"May",1487
2016,"Jun",1039
2016,"Jul",1634
2016,"Aug",1836
2016,"Sep",1739
2016,"Oct",1564
2016,"Nov",971
2016,"Dec",560
2017,"Jan",442
2017,"Feb",454
2017,"Mar",683
2017,"Apr",1042
2017,"May",1442
2017,"Jun",1248
2017,"Jul",2084
2017,"Aug",2119
2017,"Sep",1931
2017,"Oct",1694
2017,"Nov",1100
2017,"Dec",514
2018,"Jan",441
2018,"Feb",469
2018,"Mar",690
2018,"Apr",1130
2018,"May",1725
2018,"Jun",1314
2018,"Jul",1993
2018,"Aug",2277
2018,"Sep",2250
2018,"Oct",2353
2018,"Nov",1018
2018,"Dec",545
2019,"Jan",464
2019,"Feb",553
2019,"Mar",779
2019,"Apr",1248
2019,"May",1795
2019,"Jun",1524
2019,"Jul",2225
2019,"Aug",2517
2019,"Sep",2286
2019,"Oct",2230
2019,"Nov",1170
2019,"Dec",554
2020,"Jan",429
2020,"Feb",442
2020,"Mar",670
2020,"Apr",491
2020,"May",753
2020,"Jun",925
2020,"Jul",1723
2020,"Aug",1825
2020,"Sep",1675
2020,"Oct",1476
2020,"Nov",774
2020,"Dec",444
2021,"Jan",420
2021,"Feb",441
2021,"Mar",603
2021,"Apr",1016
2021,"May",1532
2021,"Jun",1364
2021,"Jul",2134
2021,"Aug",2411
2021,"Sep",2157
2021,"Oct",1935
2021,"Nov",1006
2021,"Dec",622
2022,"Jan",407
2022,"Feb",433
2022,"Mar",778
2022,"Apr",1272
2022,"May",1689
2022,"Jun",1413
2022,"Jul",2252
2022,"Aug",2458
2022,"Sep",2568
2022,"Oct",2213
2022,"Nov",1139
2022,"Dec",602
2023,"Jan",562
2023,"Feb",532
2023,"Mar",860
2023,"Apr",1435
2023,"May",2130
2023,"Jun",1584
2023,"Jul",2462
2023,"Aug",2789
2023,"Sep",2615
2023,"Oct",2602
2023,"Nov",1389
2023,"Dec",664
2024,"Jan",622
2024,"Feb",579
2024,"Mar",895
2024,"Apr",1597
2024,"May",2344
2024,"Jun",1962
2024,"Jul",2971
2024,"Aug",3046
2024,"Sep",2986
2024,"Oct",2974
2024,"Nov",1550
2024,"Dec",844
2025,"Jan",709
2025,"Feb",641
2025,"Mar",1065
2025,"Apr",1981
2025,"May",2659
2025,"Jun",2179
2025,"Jul",3029
2025,"Aug",3221
2025,"Sep",3510
2025,"Oct",3067
2025,"Nov",1596
2025,"Dec",802
2026,"Jan",625
2026,"Feb",685
2026,"Mar",1190
2026,"Apr",2030
2026,"May",2871
2026,"Jun",846
2026,"Jul",49
2026,"Aug",3
